firm_id,name,aliases_searched,ultimate_parent,sector,ambiguous_name,source,note
CN001,BYD,BYD|Build Your Dreams|比亚迪,BYD Co. Ltd.,automotive,0,seed list,
CN002,Chery,Chery|Omoda|Jaecoo|Jetour,Chery Holding,automotive,0,seed list,
CN003,SAIC Motor,SAIC|Şanghay Otomotiv|Shanghai Automotive,SAIC Motor,automotive,0,seed list,
CN004,Geely,Geely|Zhejiang Geely,Zhejiang Geely Holding,automotive,0,seed list,
CN005,Great Wall Motor,Great Wall Motor|Great Wall Motors|Haval,Great Wall Motor,automotive,0,seed list,
CN006,Changan,Changan|Chang'an Automobile,China Changan,automotive,1,seed list,
CN007,Dongfeng,Dongfeng,Dongfeng Motor Group,automotive,0,seed list,
CN008,GAC,GAC Motor|Guangzhou Automobile,GAC Group,automotive,0,seed list,
CN009,BAIC,BAIC,BAIC Group,automotive,0,seed list,
CN010,FAW,FAW Group|First Automobile Works|China FAW,FAW Group,automotive,0,seed list,
CN011,JAC Motors,JAC Motors|Jianghuai|Anhui Jianghuai,JAC Group,automotive,0,seed list,
CN012,Yutong,Yutong,Yutong Bus,automotive,0,seed list,
CN013,King Long,King Long|Xiamen King Long,King Long,automotive,0,seed list,
CN014,Sinotruk,Sinotruk|Howo|China National Heavy Duty Truck,Sinotruk,automotive,0,seed list,
CN015,Shacman,Shacman|Shaanxi Automobile,Shaanxi Automobile Group,automotive,0,seed list,
CN016,Foton,Foton|Beiqi Foton,BAIC Group,automotive,0,seed list,
CN017,Farasis,Farasis,Farasis Energy,batteries,0,seed list,
CN018,CATL,CATL|Contemporary Amperex,CATL,batteries,0,seed list,
CN019,Gotion,Gotion|Guoxuan,Gotion High-Tech,batteries,0,seed list,
CN020,Ganfeng,Ganfeng,Ganfeng Lithium,batteries,0,seed list,
CN021,SVOLT,SVOLT,SVOLT Energy,batteries,0,seed list,
CN022,Fuyao,Fuyao,Fuyao Glass,auto parts,0,seed list,
CN023,Linglong,Linglong Tire|Linglong Lastik|Shandong Linglong,Linglong Tire,tyres,0,seed list,
CN024,Sailun,Sailun,Sailun Group,tyres,0,seed list,
CN025,Longi,LONGi|Longi Green,LONGi Green Energy,solar,0,seed list,
CN026,Trina Solar,Trina Solar|Trinasolar,Trina Solar,solar,0,seed list,
CN027,JinkoSolar,Jinko|JinkoSolar,JinkoSolar,solar,0,seed list,
CN028,JA Solar,JA Solar,JA Solar,solar,0,seed list,
CN029,Chint,Chint|Astronergy,Chint Group,electrical,0,seed list,
CN030,GCL,GCL Poly|GCL System|GCL-SI|Golden Concord,GCL Group,solar,0,seed list,
CN031,Yingli,Yingli,Yingli Green Energy,solar,0,seed list,
CN032,Hanergy,Hanergy,Hanergy,solar,0,seed list,
CN033,Sungrow,Sungrow,Sungrow Power,solar,0,seed list,
CN034,Goldwind,Goldwind,Xinjiang Goldwind,wind,0,seed list,
CN035,Envision,Envision Energy,Envision Group,wind,0,seed list,
CN036,Mingyang,Mingyang|Ming Yang,Mingyang Smart Energy,wind,0,seed list,
CN037,Sinovel,Sinovel,Sinovel Wind,wind,0,seed list,
CN038,Shanghai Electric,Shanghai Electric|Şanghay Elektrik,Shanghai Electric Group,energy,0,seed list,
CN039,SPIC,SPIC|State Power Investment|Devlet Enerji Yatırım Şirketi,State Power Investment Corp,energy,0,seed list,
CN040,PowerChina,PowerChina|Power China|Sinohydro,Power Construction Corp of China,construction,0,seed list,
CN041,Harbin Electric,Harbin Electric|HEI|Harbin Elektrik,Harbin Electric,energy,0,seed list,
CN042,Dongfang Electric,Dongfang Electric|Dongfang,Dongfang Electric,energy,1,seed list,
CN043,China Energy Engineering,CEEC|Energy China|China Energy Engineering,CEEC,construction,0,seed list,
CN044,Huaneng,Huaneng,China Huaneng Group,energy,0,seed list,
CN045,Huadian,Huadian,China Huadian,energy,0,seed list,
CN046,Datang,Datang,China Datang,energy,0,seed list,
CN047,Guodian,Guodian|China Energy Investment|CHN Energy|Shenhua,China Energy Investment Corp,energy,0,seed list,
CN048,CGN,CGN|China General Nuclear,China General Nuclear,nuclear,0,seed list,
CN049,CNNC,CNNC|China National Nuclear,CNNC,nuclear,0,seed list,
CN050,SNPTC,SNPTC|State Nuclear Power Technology,SPIC,nuclear,0,seed list,
CN051,State Grid,State Grid|SGCC|Çin Devlet Şebeke,State Grid Corp of China,energy,0,seed list,
CN052,China Machinery Engineering,CMEC|China Machinery Engineering,Sinomach,construction,0,seed list,
CN053,Sinomach,Sinomach|China National Machinery,Sinomach,machinery,0,seed list,
CN054,CAMCE,CAMCE|China CAMC,Sinomach,construction,0,seed list,
CN055,CNTIC,CNTIC|China National Technical Import,Genertec,trade,0,seed list,
CN056,Zijin,Zijin,Zijin Mining,mining,0,seed list,
CN057,Jinchuan,Jinchuan,Jinchuan Group,mining,0,seed list,
CN058,Chinalco,Chinalco|Chalco,Aluminum Corp of China,mining,0,seed list,
CN059,Minmetals,Minmetals|China Minmetals,China Minmetals,mining,0,seed list,
CN060,Baowu,Baowu|Baosteel|Baoshan,China Baowu,steel,0,seed list,
CN061,HBIS,HBIS|Hebei Iron,HBIS Group,steel,0,seed list,
CN062,Sinosteel,Sinosteel,Sinosteel,steel,0,seed list,
CN063,Shagang,Shagang,Shagang Group,steel,0,seed list,
CN064,Tsingshan,Tsingshan,Tsingshan Holding,steel,0,seed list,
CN065,CRCC,CRCC|China Railway Construction,CRCC,construction,0,seed list,
CN066,CREC,CREC|China Railway Group|China Railway Engineering,CREC,construction,0,seed list,
CN067,CRRC,CRRC|CSR Zhuzhou|CNR|China CNR|China South Locomotive|Zhuzhou|Changchun Railway|CRRC Zhuzhou,CRRC,rolling stock,0,seed list,
CN068,CCCC,CCCC|China Communications Construction|China Harbour|CHEC|China Road and Bridge|CRBC,CCCC,construction,0,seed list,
CN069,CSCEC,CSCEC|China State Construction,CSCEC,construction,0,seed list,
CN070,Sinoma,Sinoma|CBMI,China National Building Material,building materials,0,seed list,
CN071,CNBM,CNBM|China National Building Material|China Building Materials,CNBM,building materials,0,seed list,
CN072,CITIC,CITIC|Citic,CITIC Group,conglomerate,0,seed list,
CN073,Sany,Sany,Sany Heavy Industry,machinery,1,seed list,
CN074,XCMG,XCMG|Xuzhou Construction Machinery,XCMG,machinery,0,seed list,
CN075,Zoomlion,Zoomlion,Zoomlion,machinery,0,seed list,
CN076,LiuGong,LiuGong|Liugong,Guangxi LiuGong,machinery,0,seed list,
CN077,Shantui,Shantui,Shantui,machinery,0,seed list,
CN078,SDLG,SDLG|Shandong Lingong,Volvo/Lingong,machinery,0,seed list,
CN079,Weichai,Weichai,Weichai Power,machinery,0,seed list,
CN080,Huawei,Huawei|Huawei Türkiye|Honor,Huawei Investment & Holding,telecom,0,seed list,
CN081,ZTE,ZTE,ZTE Corp,telecom,0,seed list,
CN082,Xiaomi,Xiaomi|Redmi|POCO,Xiaomi,electronics,0,seed list,
CN083,OPPO,OPPO|Oppo,Guangdong Oppo,electronics,0,seed list,
CN084,vivo,Vivo Mobile|vivo,BBK/vivo,electronics,1,seed list,
CN085,Transsion,Transsion|Tecno Mobile|Infinix|itel,Transsion,electronics,0,seed list,
CN086,Realme,Realme|realme,BBK/Oppo,electronics,0,seed list,
CN087,OnePlus,OnePlus,BBK/Oppo,electronics,0,seed list,
CN088,Lenovo,Lenovo,Lenovo Group,electronics,0,seed list,
CN089,TCL,TCL,TCL Technology,electronics,0,seed list,
CN090,Haier,Haier|Candy Hoover|Candy,Haier Smart Home,appliances,0,seed list,
CN091,Hisense,Hisense,Hisense Group,appliances,0,seed list,
CN092,Midea,Midea,Midea Group,appliances,0,seed list,
CN093,Gree,Gree Electric,Gree Electric,appliances,0,seed list,
CN094,Skyworth,Skyworth,Skyworth Group,electronics,0,seed list,
CN095,Konka,Konka,Konka Group,electronics,0,seed list,
CN096,Changhong,Changhong,Sichuan Changhong,electronics,0,seed list,
CN097,Hikvision,Hikvision,Hikvision,electronics,0,seed list,
CN098,Dahua,Dahua,Dahua Technology,electronics,0,seed list,
CN099,Luxshare,Luxshare|Salcomp,Luxshare Precision,electronics,0,seed list,
CN100,Alibaba,Alibaba|Ant Financial|Ant Group|Alipay|AliExpress|Aliexpress|Cainiao|Lazada|Trendyol,Alibaba Group,e-commerce,0,seed list,
CN101,Tencent,Tencent|WeChat,Tencent,internet,0,seed list,
CN102,ByteDance,ByteDance|TikTok|Bytedance,ByteDance,internet,0,seed list,
CN103,Baidu,Baidu,Baidu,internet,0,seed list,
CN104,JD.com,JD.com|Jingdong,JD.com,e-commerce,0,seed list,
CN105,Shein,Shein|SHEIN,Shein,e-commerce,0,seed list,
CN106,Temu,Temu|Pinduoduo,PDD Holdings,e-commerce,0,seed list,
CN107,COSCO,COSCO|Cosco|China Ocean Shipping,COSCO Shipping,shipping,0,seed list,
CN108,China Merchants,China Merchants|CMPort|CMHI|China Merchants Port,China Merchants Group,ports,0,seed list,
CN109,CIC,China Investment Corporation|China Investment Corp|Çin Yatırım Şirketi|CIC Capital,CIC,sovereign fund,1,seed list,
CN110,Silk Road Fund,Silk Road Fund|İpek Yolu Fonu,Silk Road Fund,fund,0,seed list,
CN111,ICBC,ICBC|Industrial and Commercial Bank of China|Çin Sanayi ve Ticaret Bankası,ICBC,banking,0,seed list,
CN112,Bank of China,Bank of China|Çin Bankası,Bank of China,banking,0,seed list,
CN113,China Construction Bank,China Construction Bank|CCB,CCB,banking,1,seed list,
CN114,Agricultural Bank of China,Agricultural Bank of China|ABC Bank|Çin Tarım Bankası,ABC,banking,0,seed list,
CN115,China Development Bank,China Development Bank|CDB|Çin Kalkınma Bankası,CDB,banking,1,seed list,
CN116,China Eximbank,China Exim|Eximbank of China|Export-Import Bank of China|Çin Eximbank|Çin Exim,China Eximbank,banking,0,seed list,
CN117,Sinosure,Sinosure|China Export & Credit,Sinosure,insurance,0,seed list,
CN118,AIIB,AIIB|Asya Altyapı Yatırım Bankası|Asian Infrastructure Investment Bank,AIIB,multilateral,0,seed list,
CN119,Fosun,Fosun,Fosun International,conglomerate,0,seed list,
CN120,HNA,HNA Group|Hainan Airlines|HNA,HNA Group,conglomerate,1,seed list,
CN121,Anbang,Anbang,Anbang,insurance,0,seed list,
CN122,Dalian Wanda,Wanda,Dalian Wanda,conglomerate,0,seed list,
CN123,Sinovac,Sinovac|CoronaVac,Sinovac,pharma,0,seed list,
CN124,Sinopharm,Sinopharm,Sinopharm,pharma,0,seed list,
CN125,CanSino,CanSino,CanSino,pharma,0,seed list,
CN126,Mindray,Mindray,Mindray,medtech,0,seed list,
CN127,BGI,BGI Genomics|BGI Group,BGI,biotech,0,seed list,
CN128,Wanhua,Wanhua,Wanhua Chemical,chemicals,0,seed list,
CN129,Sinopec,Sinopec,Sinopec,oil & gas,0,seed list,
CN130,CNPC,CNPC|PetroChina|China National Petroleum,CNPC,oil & gas,0,seed list,
CN131,CNOOC,CNOOC,CNOOC,oil & gas,0,seed list,
CN132,Sinochem,Sinochem,Sinochem,chemicals,0,seed list,
CN133,ChemChina,ChemChina|China National Chemical,ChemChina,chemicals,0,seed list,
CN134,COFCO,COFCO,COFCO,agrifood,0,seed list,
CN135,China Poly,Poly Group|China Poly|Poly Technologies,China Poly Group,conglomerate,1,seed list,
CN136,NORINCO,Norinco|NORINCO,Norinco,defence,0,seed list,
CN137,CPMIEC,CPMIEC|China Precision Machinery,CASIC,defence,0,seed list,
CN138,CETC,CETC|China Electronics Technology,CETC,electronics,0,seed list,
CN139,China Telecom,China Telecom,China Telecom,telecom,1,seed list,
CN140,China Mobile,China Mobile,China Mobile,telecom,1,seed list,
CN141,China Unicom,China Unicom,China Unicom,telecom,0,seed list,
CN142,Air China,Air China,Air China,aviation,0,seed list,
CN143,China Southern,China Southern,China Southern Airlines,aviation,0,seed list,
CN144,Hainan Airlines,Hainan Airlines,HNA,aviation,0,seed list,
CN145,Sinotrans,Sinotrans,China Merchants,logistics,0,seed list,
CN146,China Railway Express,China Railway Express|China-Europe Railway,China State Railway,logistics,0,seed list,
CN147,DJI,DJI,DJI,electronics,1,seed list,
CN148,Anta,Anta Sports,Anta,apparel,0,seed list,
CN149,Bosideng,Bosideng,Bosideng,apparel,0,seed list,
CN150,Shandong Ruyi,Ruyi,Shandong Ruyi,textiles,1,seed list,
CN151,Weiqiao,Weiqiao,Weiqiao Textile,textiles,0,seed list,
CN152,Jinjiang,Jin Jiang|Jinjiang,Jinjiang International,hospitality,1,seed list,
CN153,Ctrip,Ctrip|Trip.com,Trip.com,travel,0,seed list,
CN154,Didi,Didi Chuxing|DiDi,Didi,internet,0,seed list,
CN155,Hengtong,Hengtong,Hengtong Group,cables,0,seed list,
CN156,ZTT,ZTT|Zhongtian,Zhongtian Technology,cables,0,seed list,
CN157,FiberHome,FiberHome|Fiberhome,China Information and Communication Technology,telecom,0,seed list,
CN158,Kaishan,Kaishan,Kaishan Group,energy,0,seed list,
CN159,Hualing,Hualing,Hualing Group,conglomerate,0,seed list,
CN160,China Three Gorges,Three Gorges|CTG|Üç Boğaz,China Three Gorges,energy,0,seed list,
CN161,Gezhouba,Gezhouba|CGGC,Energy China,construction,0,seed list,
CN162,Jiangsu Shagang,Shagang,Shagang,steel,0,seed list,
CN163,Beijing Enterprises,Beijing Enterprises,Beijing Enterprises,utilities,0,seed list,
CN164,China Gezhouba,China Gezhouba,Energy China,construction,0,seed list,
CN165,TBEA,TBEA,TBEA,electrical,0,seed list,
CN166,Pinggao,Pinggao,State Grid,electrical,0,seed list,
CN167,XJ Group,XJ Electric,State Grid,electrical,0,seed list,
CN168,China Railway Signal,CRSC,CRSC,rail,0,seed list,
CN169,Hutchison,Hutchison|CK Hutchison,CK Hutchison (HK),conglomerate,0,seed list,
CN170,Lenovo,Motorola Mobility,Lenovo,electronics,1,seed list,
CN171,Nexperia,Wingtech,Wingtech,electronics,0,seed list,
CN172,Goertek,Goertek,Goertek,electronics,0,seed list,
CN173,BOE,BOE Technology,BOE,electronics,0,seed list,
CN174,Hengli,Hengli,Hengli Group,chemicals,0,seed list,
CN175,Yanfeng,Yanfeng,Huayu/SAIC,auto parts,0,seed list,
CN176,Joyson,Joyson,Ningbo Joyson,auto parts,0,seed list,
CN177,Minth,Minth,Minth Group,auto parts,0,seed list,
CN178,Wanxiang,Wanxiang,Wanxiang Group,auto parts,0,seed list,
CN179,Weifu,Weifu,Weifu,auto parts,0,seed list,
CN180,China National Agricultural Development,CNADC,CNADC,agrifood,0,seed list,
CN181,Bright Food,Bright Food,Bright Food,agrifood,0,seed list,
CN182,Yili,Yili,Yili Group,agrifood,1,seed list,
CN183,WH Group,WH Group|Shuanghui,WH Group,agrifood,0,seed list,
CN184,China Mengniu,Mengniu,Mengniu,agrifood,0,seed list,
CN185,Tsingtao,Tsingtao,Tsingtao Brewery,beverages,0,seed list,
CN186,Ping An,Ping An,Ping An,insurance,0,seed list,
CN187,China Life,China Life,China Life,insurance,1,seed list,
CN188,China Taiping,China Taiping,China Taiping,insurance,0,seed list,
CN189,UnionPay,UnionPay|China UnionPay,UnionPay,finance,0,seed list,
CN190,Haitong,Haitong,Haitong Securities,finance,0,seed list,
CN191,CICC,CICC|China International Capital,CICC,finance,0,seed list,
CN192,Hony Capital,Hony Capital,Hony,finance,0,seed list,
CN193,China Everbright,Everbright,China Everbright,finance,0,seed list,
CN194,Shandong Hi-Speed,Shandong Hi-Speed,Shandong Hi-Speed,infrastructure,0,seed list,
CN195,China Merchants Expressway,China Merchants Expressway|Zhejiang Expressway|Jiangsu Expressway|Anhui Expressway|Sichuan Expressway|Shenzhen Expressway,various,infrastructure,0,seed list,
CN196,Huaxin Cement,Huaxin,Huaxin Cement,cement,0,seed list,
CN197,Anhui Conch,Conch Cement|Anhui Conch,Anhui Conch,cement,0,seed list,
CN198,Xinyi Glass,Xinyi,Xinyi Glass,glass,0,seed list,
CN199,Jushi,Jushi|China Jushi,CNBM,fiberglass,0,seed list,
CN200,Kingfa,Kingfa,Kingfa,chemicals,0,seed list,
CNH001,Benelli (Qianjiang/Geely),Benelli|Qianjiang,Zhejiang Qianjiang Motorcycle (Geely),motorcycles,0,discovered during review,Chinese-owned since 2005
CNH002,Pirelli (ChemChina/Sinochem),Pirelli,ChemChina / Sinochem,tyres,0,discovered during review,ChemChina control from 2015
CNH003,Prometeon (ex-Pirelli Industrial),Prometeon,ChemChina / Aeolus,tyres,0,discovered during review,Izmit plant
CNH004,Syngenta (ChemChina),Syngenta,ChemChina / Syngenta Group,agri-inputs,0,discovered during review,ChemChina from 2017
CNH005,ADAMA (ChemChina),ADAMA|Makhteshim|Adama Tarım,ChemChina / Syngenta Group,agri-inputs,0,discovered during review,ChemChina from 2011/2016
CNH006,Club Med (Fosun),Club Med,Fosun,hospitality,0,discovered during review,Fosun from 2015
CNH007,Thomas Cook (Fosun stake),Thomas Cook,Fosun (minority),tourism,1,discovered during review,minority stake
CNH008,Ingram Micro (HNA),Ingram Micro,HNA (2016-2021),IT distribution,0,discovered during review,
CNH009,Swissport (HNA),Swissport,HNA (2015-2020),aviation services,0,discovered during review,
CNH010,gategroup (HNA),gategroup|Gate Gourmet,HNA (2016-2020),aviation catering,0,discovered during review,
CNH011,Radisson Hotel Group (Jin Jiang),Radisson|Rezidor,Jin Jiang (2018-),hospitality,1,discovered during review,hotel brand mostly management contracts
CNH012,Louvre Hotels (Jin Jiang),Louvre Hotels|Golden Tulip|Campanile,Jin Jiang,hospitality,1,discovered during review,
CNH013,KUKA (Midea),KUKA|Kuka,Midea (2017-),robotics,0,discovered during review,
CNH014,Gorenje (Hisense),Gorenje,Hisense (2018-),appliances,0,discovered during review,
CNH015,Putzmeister (Sany),Putzmeister,Sany (2012-),machinery,0,discovered during review,
CNH016,Schwing (XCMG),Schwing Stetter|Schwing,XCMG,machinery,0,discovered during review,
CNH017,KraussMaffei (ChemChina),KraussMaffei|Krauss Maffei,ChemChina,machinery,0,discovered during review,
CNH018,Nidera / Noble Agri (COFCO),Nidera|Noble Agri|COFCO International,COFCO,agrifood,0,discovered during review,
CNH019,Riot Games (Tencent),Riot Games,Tencent,games,0,discovered during review,
CNH020,Supercell (Tencent),Supercell,Tencent,games,0,discovered during review,
CNH021,Volvo Cars (Geely),Volvo Cars|Volvo Car,Geely,automotive,1,discovered during review,
CNH022,Lotus / Polestar (Geely),Polestar|Lotus Cars,Geely,automotive,1,discovered during review,
CNH023,MG (SAIC),MG Motor|Morris Garages,SAIC,automotive,0,discovered during review,
CNH024,Smart (Geely-Mercedes JV),smart #1,Geely,automotive,1,discovered during review,
CNH025,Kerry Logistics (HK),Kerry Logistics,Kerry Group (HK),logistics,0,discovered during review,Hong Kong
CNH026,CK Hutchison (HK),Hutchison Ports|Hutchison Port|Hutchison Whampoa,CK Hutchison (HK),ports,0,discovered during review,Hong Kong
CNH027,Lenovo/Medion,Medion,Lenovo,electronics,1,discovered during review,
CNH028,Hong Kong investors misc,Hong Konglu|Hong Kong merkezli|Hongkonglu,HK,misc,0,discovered during review,Hong Kong
CNH029,Elkem (Bluestar),Elkem,ChemChina/Bluestar,materials,0,discovered during review,
CNH030,Linde forklift/KION (Weichai stake),KION Group,Weichai (minority),machinery,1,discovered during review,
CNH031,Nexperia,Nexperia,Wingtech,electronics,0,discovered during review,
CNH032,Ferretti (Weichai),Ferretti,Weichai,yachts,0,discovered during review,
CNH033,Sunseeker (Dalian Wanda 2013-2023),Sunseeker,Dalian Wanda,yachts,0,discovered during review,
CNH034,Hareon Solar,Hareon,Hareon Solar,solar,0,discovered during review,
CNH035,China Sunergy,China Sunergy|CSUN,China Sunergy,solar,0,discovered during review,
CNH036,HT Solar,HT Solar,Huantai,solar,0,discovered during review,
CNH037,GSR Capital,GSR Capital,GSR Capital,investment,0,discovered during review,
CNH038,New Hope,New Hope Liuhe|New Hope,New Hope Group,agrifood,1,discovered during review,
CNH039,Weiqu Energy,Weiqu,Weiqu Energy Investment,energy,0,discovered during review,
CNH040,Vapet,Vapet,?,energy,1,discovered during review,
CNH041,H3C,H3C,Tsinghua Unigroup,IT,0,discovered during review,
CNH042,Tatwah,Tatwah,Tatwah Smartech,telecom,0,discovered during review,
CNH043,StarTimes,StarTimes|StarTımes,StarTimes,media,0,discovered during review,
CNH044,Gate.io,Gate io|Gate.io,Gate Technology,crypto,0,discovered during review,
CNH045,Kingdom linen,Kingdom Holdings,Zhejiang Kingdom,textiles,1,discovered during review,
CNH046,Texhon,Texhon,Texhon,textiles,0,discovered during review,
CNH047,Zhejiang Energy,Zhejiang Enerji|Zhejiang Energy|Zhejeing,Zhejiang Energy Group,energy,0,discovered during review,
CNH048,Sinocoal,Sinocoal,Sinocoal,energy,0,discovered during review,
CNH049,Tianchen Engineering,Tianchen,China Tianchen Engineering,construction,0,discovered during review,
CNH050,Dong Feng Motor (DFM),DFM|Dong Feng|Dongfeng Motor,Dongfeng Motor,automotive,1,discovered during review,
CNH051,AVIC International,AVIC|Avic International,AVIC,aviation/engineering,0,discovered during review,
CNH052,China Road and Bridge,China Road and Bridge|CRBC,CCCC,construction,0,discovered during review,
CNH053,Kuaishou,Kuaishou,Kuaishou,internet,0,discovered during review,
CNH054,CSR Electric Locomotive,CSR Electric|CSR Zhuzhou|CSR,CRRC,rolling stock,1,discovered during review,
CNH055,China Merchants Expressway,Jiangsu Expressway|Zhejiang Expressway|China Merchants Expressway,consortium,infrastructure,0,discovered during review,
CNH056,ICBC Turkey,ICBC Turkey|ICBC Türkiye,ICBC,banking,0,discovered during review,
CNH057,Huawei Türkiye,Huawei Türkiye|Huawei Turkey,Huawei,telecom,0,discovered during review,
CNH058,Hisense,Hisense,Hisense,appliances,0,discovered during review,
CNH059,Zhongtian (ZTT),Zhongtian,ZTT,cables,0,discovered during review,
CNH060,TCL Communication,TCL Communication|Alcatel Mobile,TCL,electronics,1,discovered during review,
CNH061,Texhong Textile,Texhong|Texong|Texhon,Texhong Textile Group,textiles,0,discovered during review,Balıkesir OSB yarn plant
CNH062,Xinjiang Alkut Group,Alkut|Urumçi Tarım,Xinjiang Alkut Group,health tourism,0,discovered during review,Kızılcahamam
CNH063,Risen Solar,Risen Solar|Risen Energy,Risen Energy,solar,0,discovered during review,Van feasibility 2014
CNH064,China Nuclear Industry 23,CNI23|CNI 23,CNNC,nuclear construction,0,discovered during review,CANDU Sinop partner
CNH065,Datong Coal Mine Group,Datong,Jinneng Holding,mining,1,discovered during review,Hattat Amasra contractor; ambiguous city name
CNH066,Zhejiang Orient,Zhejiang Orient,Zhejiang Orient Engineering,engineering,0,discovered during review,Ağaoğlu Umutlu HES
CNH067,Solargiga,Solargiga,Solargiga Energy,solar,0,discovered during review,YEKA bid with Çalık
CNH068,TECNO Mobile (Transsion),TECNO|Tecno Mobile|Transsion|Infinix|itel,Transsion Holdings,smartphones,1,discovered during review,Pendik plant; TECNO uppercase only
CNH069,Feilo Sylvania,Feilo|Feilo Sylvania,Shanghai Feilo Acoustics,lighting,0,discovered during review,Sylvania acquired 2016 (hidden)
CNH070,Dalian Jinma Boron,Jinma,Dalian Jinma Boron Technology,chemicals,0,discovered during review,Eti Maden tech transfer
CNH071,ADM Capital,ADM Capital|Asia Debt Management|Asia Debt Asset Management,ADM Capital (Hong Kong),private equity,0,discovered during review,"HK fund: STFA, Işıklar, Dardanel"
CNH072,Swiss-Belhotel International,Swiss-Belhotel|Swiss-BelHotel,Swiss-Belhotel International (HK),hotels,0,discovered during review,HK; Çelik Palas 2015-2017
CNH073,Shangri-La Hotels,Shangri-La|Shangri La,Shangri-La Asia (HK),hotels,1,discovered during review,HK; Bosphorus hotel (management)
CNH074,Mandarin Oriental,Mandarin Oriental,Mandarin Oriental International (HK),hotels,1,discovered during review,"HK-based; Bodrum, Bosphorus (management)"
CNH075,China Sunergy,China Sunergy|CSUN|Sunergy,China Sunergy,solar,0,discovered during review,2012 factory plan
CNH076,MingYang,MingYang|Ming Yang,Mingyang Smart Energy,wind,0,discovered during review,YEKA 2017
CNH077,myTECHNIC / myCARGO (HNA),myTECHNIC|myCARGO|ACT Havayolları|ACT Airlines,HNA Group,aviation MRO/cargo,0,discovered during review,HNA co-owned
CNH078,China General Nuclear,CGNPC|China General Nuclear|CGN,CGN,nuclear,1,discovered during review,Sinop bid 2012
CNH079,ENN Energy,ENN,ENN Group,gas distribution,1,discovered during review,Başkent Gaz bid with STFA; ENN uppercase
CNH080,Maxreal Telekomünikasyon (OPPO),Maxreal,OPPO,smartphones,0,discovered during review,OPPO Turkey production entity
CNH081,EMBA Elektrik (Shanghai Electric),EMBA Elektrik|Emba Elektrik|Hunutlu,Shanghai Electric Power,energy,0,discovered during review,Hunutlu coal plant
CNH082,Li & Fung,Li & Fung|Li&Fung|Li Fung,Li & Fung (HK),sourcing,0,discovered during review,HK; Istanbul hub
CNH083,Lifan,Lifan,Lifan Industry,automotive,0,discovered during review,
CNH084,FAW,FAW,China FAW Group,automotive,1,discovered during review,uppercase
CNH085,KUKA (Midea),KUKA,Midea Group,robotics,1,discovered during review,hidden since 2017
CNH086,Ingram Micro (HNA 2016-2021),Ingram Micro,HNA Group (2016-2021),IT distribution,0,discovered during review,hidden
CNH087,Riot Games (Tencent),Riot Games,Tencent,games,0,discovered during review,hidden since 2011
CNH088,Prometeon (ChemChina),Prometeon,ChemChina/Sinochem,tyres,0,discovered during review,hidden; İzmit
CNH089,Salcomp (Luxshare),Salcomp,Luxshare Precision,electronics,0,discovered during review,hidden since 2019; Xiaomi plant
CNH090,Cenhan Madencilik,Cenhan,unknown Chinese owner,mining,0,discovered during review,Malatya copper 2012
CNH091,Weiqu Energy Investment,Weiqu|Vapet,unknown,energy,0,discovered during review,TEYO Tufanbeyli partner
