project_id,project_name,investor,origin,sector_group,sector,provinces,status_group,status_detail,investment_type,routed_via,holding_entity,summary,amount_reported,jobs_reported,first_report_date,last_report_date,first_investment_evidence_date,n_investment_evidence,n_context_mentions,n_company_news,n_contractor_items
ANATOLIA-TELEKOM-LENOVO-ERZINCAN,'Anadolu' phone with Lenovo Mobile (Erzincan),Lenovo Mobile,Mainland China,"Electronics, telecom & IT",Electronics,Erzincan,Agreed / announced,Plan announced,Partnership (licence; equity unclear),Hong Kong,Leaguer Telecom (Hong Kong); Hongkong Everfine Investment,Anatolia Telekom announced a Chinese-partnered domestic phone to be produced in Erzincan (2010).,,,2010-01-10,2010-01-10,2010-01-10,1,0,0,0
ADM-CAPITAL-DARDANEL,ADM Capital–Yıldız partnership in Dardanel,ADM Capital,Hong Kong,"Consumer, retail & media",Food,Çanakkale,Agreed / announced,Agreement signed,Capital increase / JV,,,Dardanel's capital rose from 34.8m to 85m TL with shares allotted to an ADM Capital–Yıldız vehicle (2011).,Capital raised to 85m TRY,,2011-12-06,2011-12-06,2011-12-06,1,0,0,0
CNR-MALATYA-WAGON-FACTORY,CNR investment in Malatya wagon repair factory,CNR,Mainland China,Transport & logistics,Rail equipment,Malatya,Agreed / announced,Goodwill agreement only,Investment in idle state factory,,,Malatya governor signed a goodwill agreement with China's CNR (2012).,,,2012-03-01,2012-03-01,2012-03-01,1,0,0,0
CHERY-TURKEY-PLANT,Chery car plant with Mermerler (Sakarya),Chery Automobile,Mainland China,Automotive & batteries,Automotive,Sakarya,Agreed / announced,Planned – not realised in archive,Greenfield / JV plant,,,Chery's Turkish distributor Mermerler Otomotiv repeatedly announced a 500–550m USD car plant in Sakarya (Karasu/Adapazarı) from 2008 to 2011; the archive shows delays and site/permit issues but no production start.,550m USD,5000-6000,2008-02-20,2011-04-27,2008-02-20,8,0,0,0
HENGSHI-TEKIRDAG-FIBERGLASS,China Hengshi fiberglass fabric plant (Tekirdağ),China Hengshi Foundation,Mainland China,Energy,Manufacturing – composites for wind blades,Tekirdağ,Agreed / announced,Subsidiary set up (2018),Greenfield plant,,,"Hong Kong-listed China Hengshi announced in June 2018 that it had set up Hengshi Turkey to make fiberglass fabrics for wind blades, with a designed capacity of about 10,000 t a year. The source is a stock-exchange announcement; no press report on the plant was found.",,,2018-06-20,2018-06-20,,0,0,0,0
CN-AUTOMAKER-KONYA-2009,Chinese automaker plant in Konya (unnamed),Unnamed Chinese automaker,Mainland China,Automotive & batteries,Automotive,Konya,Agreed / announced,Announced – not realised in archive,JV plant,,,"Minister Çağlayan said in 2009 a Chinese automaker would build a plant with a Turkish partner, possibly in Konya.",,,2009-06-28,2010-04-26,2009-06-28,1,1,0,0
AGAOGLU-BODRUM-CN-HK,Chinese/HK investors in Ağaoğlu Bodrum project,Chinese construction group; HK financial investor,Mainland China,"Construction, real estate & tourism",Tourism / real estate,Muğla,Agreed / announced,Preliminary agreement,Co-investment,,,Ağaoğlu signed a preliminary agreement with a Chinese construction group and a Hong Kong investor for its Bodrum tourism city (2017).,,,2017-10-06,2017-10-23,2017-10-06,2,0,0,0
CHINT-TOPCON-CELL-FACTORY,Chint TOPCon solar cell factory,Chint Group,Mainland China,Energy,Solar manufacturing,—,Agreed / announced,Announced (2025),Greenfield factory (100% foreign-owned),Hong Kong,Chint Electrics (Hong Kong) holds the Turkish sales company,"Chint, which already makes solar modules in Turkey and has been active there for about 17 years, said in 2025 that it will build a TOPCon cell line under the HIT-30 incentive programme, with 80% of output for export. Site and amount were not given.",,,2024-08-14,2025-04-07,,0,0,0,0
DONGFENG-MGY-PLANT,Dongfeng (DFM) light-commercial-vehicle plant,Dongfeng Motor,Mainland China,Automotive & batteries,Automotive,—,Agreed / announced,Announced – not realised in archive,Greenfield plant (with MGY),,,"The Investment Support Agency announced a 250m USD DFM plant (52,000 vehicles/yr, 1,000 jobs) in 2009; no later evidence of construction.",250m USD,1000,2009-06-22,2009-09-02,2009-06-22,2,0,0,0
GANFENG-YIGIT-AKU,Ganfeng–Yiğit Akü lithium battery JV,Ganfeng Lithium,Mainland China,Automotive & batteries,Batteries / EV,—,Agreed / announced,Announced (2024; after archive end),JV (battery cells and packs),,,Ganfeng Lithium agreed a USD 500m joint venture with Yiğit Akü in 2024 for a 5 GWh lithium cell and pack plant with an R&D centre (trade press; after the end of the Dünya archive).,"500m USD (JV, reported)",,2024-08-19,2024-08-19,,0,0,0,0
H3C-TURKEY,H3C office and planned factory,H3C,Mainland China,"Electronics, telecom & IT",ICT hardware,İstanbul,Agreed / announced,Office; factory at decision stage,Office + JV factory (plan),,,"H3C opened a Turkey office, signed distribution with Boğaziçi Bilgisayar (2020) and was deciding on a factory (200+ jobs) in 2021.",,200 (minimum),2020-07-08,2022-02-20,2020-07-08,3,0,1,0
HANERGY-CANKIRI-SOLAR,Hanergy solar panel factory (Çankırı),Hanergy,Mainland China,Energy,Solar manufacturing,Çankırı,Agreed / announced,Agreement – not realised in archive,Factory + 300 MW park,,,Hanergy agreed with Çankırı officials on a panel factory (≈500 jobs) and 300 MW energy park at Yakınkent OSB (2017).,,500,2017-06-11,2017-06-11,2017-06-11,1,0,0,0
HARBIN-HATTAT-POWER-EQUIPMENT,Harbin Electric–Hattat power-equipment JV,Harbin Electric Group,Mainland China,Machinery & industry,Power equipment,—,Agreed / announced,Agreement signed,JV (50-50),,,"Harbin Electric and Hattat's HEMA signed a 250m USD, 50-50 JV to make power-plant equipment, targeting 2,000 jobs (2012).",250m USD,2000,2012-09-26,2016-01-01,2012-09-26,2,0,0,0
LIFUNG-GAP-TEXTILE,Li & Fung textile project in Southeastern Anatolia,Li & Fung,Hong Kong,"Consumer, retail & media",Textiles / sourcing,Şanlıurfa; Gaziantep; Diyarbakır,Agreed / announced,Plan announced – no follow-up,Revival of idle factories,,,Li & Fung said in 2008 it planned to revive idle textile capacity in the GAP region with Arslan Group.,,100000-150000 (target),2008-06-25,2008-06-25,2008-06-25,1,0,0,0
LIUGONG-TURKEY,LiuGong investment decision (construction machinery),LiuGong,Mainland China,Machinery & industry,Construction machinery,—,Agreed / announced,Decision reported,—,,,A sector article said LiuGong had decided to invest in Turkey's construction-machinery sector (2014).,,,2014-08-26,2014-08-26,2014-08-26,1,0,0,0
PENINSULA-GALATAPORT-HOTEL,Peninsula hotel at Galataport,The Hongkong and Shanghai Hotels,Hong Kong,"Construction, real estate & tourism",Hotels,İstanbul,Agreed / announced,JV filed (2015),JV hotel (150m EUR share),,,"HSH filed a JV with the Galataport developer to develop and operate The Peninsula Istanbul, funding 150m EUR of 300m EUR.",150m EUR,,2015-08-27,2015-08-27,2015-08-27,1,0,0,0
POWERCHINA-EURASIA-HQ-ISTANBUL,PowerChina Eurasia HQ in Istanbul,PowerChina,Mainland China,Energy,Construction / energy,İstanbul,Agreed / announced,Decision announced,Regional headquarters,,,PowerChina decided to locate its Eurasia regional HQ (63 countries) in Istanbul (2017).,,,2017-04-18,2017-04-18,2017-04-18,1,0,0,0
SANY-TURKEY-2010,SANY and three other Chinese firms near investment decision,SANY,Mainland China,Machinery & industry,Construction machinery,—,Agreed / announced,Announced by minister – no follow-up,—,,,Minister Ergün said in 2010 that SANY and three other Chinese firms were about to decide on investments.,,,2010-11-30,2010-11-30,2010-11-30,1,0,0,0
SDIC-WIND-AYDIN-MANISA,"SDIC wind farms (Aydın and Manisa, 170 MW)",SDIC (State Development & Investment Corp.),Mainland China,Energy,Wind energy,Aydın; Manisa,Agreed / announced,MoU signed (2018); no later reports found,Acquisition + greenfield (80% stake),,,"China's state investor SDIC (80%) and Smart Growth Holding (20%) signed a 226m USD MoU in 2018 to take over the 30 MW Söke wind farm and build four licensed wind farms (140 MW), with PowerChina as contractor.",226m USD,,2018-06-10,2018-06-10,2018-06-10,1,0,0,0
THIRD-NPP-SNPTC,SNPTC–Westinghouse third nuclear plant (Thrace),SNPTC (with Westinghouse),Mainland China,Energy,Nuclear energy,Kırklareli,Agreed / announced,MoU / talks – not concluded,Intergovernmental nuclear project,,,"EÜAŞ, Westinghouse and China's SNPTC signed an MoU in 2014 for a third nuclear plant (İğneada); talks continued to 2019.",,,2014-11-25,2023-09-15,2014-11-25,9,4,0,0
SINOVAC-TURKEY-PRODUCTION,Sinovac vaccine local production talks,Sinovac / PRC,Mainland China,Health,Pharmaceuticals,—,Agreed / announced,JV cleared by Competition Board (2021),JV / technology transfer,,,The health minister said investment and technology-transfer talks were held with China on producing Sinovac in Turkey (Sept 2021); in Nov 2021 the Competition Board cleared a JV between Sinovac (Hainan) Life Sciences and Alagöz Holding.,,,2021-09-02,2021-11-09,2021-09-02,2,0,0,0
TTX-DUZCE-KITCHENWARE,"TTX kitchenware factory (Çilimli OSB, Düzce)",TTX Group,Mainland China,Machinery & industry,Manufacturing – kitchenware,Düzce,Agreed / announced,Investment decision announced (2019); completion not reported,Greenfield factory,,,"Representatives of China's TTX Group said in June 2019 that they would build a kitchen equipment factory in the Çilimli organised industrial zone employing 300 people, with a start planned for November 2019.",,,2019-06-27,2019-06-27,,0,0,0,0
TUFANBEYLI-TEYO-CN-PLANT,Tufanbeyli lignite power plant (TEYO and Chinese partner),Weiqu Energy Investment / Vapet (as reported),Mainland China,Energy,Energy – lignite,Adana,Agreed / announced,Royalty contract signed,Coal field + 600 MW plant,,,"TEYO and its Chinese partner signed a 30-year royalty deal for a 600 MW, 1.2bn USD plant at Tufanbeyli (2012).","1,200m USD",2000,2012-06-23,2013-02-01,2012-06-23,3,1,0,0
NIGDE-BOR-TURK-CHINA-INDUSTRIAL-PARK,Turkish–Chinese industrial park in Niğde Bor,Chinese businessmen (Turkish-Chinese Business Assoc.),Mainland China,"Construction, real estate & tourism",Industrial park,Niğde,Agreed / announced,Plan (land allocation stage),Industrial park,,,"Plans for ~200 Chinese factories and 15,000 jobs at Bor OSB were reported in 2012.",,15000 (target),2012-09-12,2012-09-12,2012-09-12,1,0,0,0
WANDA-MARYAPI-ISTANBUL,Wanda–Mar Yapı cooperation (Wanda Vista Istanbul),Dalian Wanda Group,Mainland China,"Construction, real estate & tourism",Hotels / real estate,İstanbul,Agreed / announced,Agreement signed,Strategic cooperation (hotel),,,"Wanda signed a strategic cooperation with Mar Yapı, starting with a Wanda Vista hotel in Istanbul (2017).",,,2017-02-27,2017-02-27,2017-02-27,1,0,0,0
EKIN-WIND-PARTS-UZUNKOPRU,Wind turbine parts plant with Ekin Makina (Uzunköprü),Chinese partner (reported as Tiron),Mainland China,Energy,Wind equipment,Edirne,Agreed / announced,Land allocated (2025),JV plant,,,A Chinese firm and Ekin Makina received land in the Atatürk organised industrial zone in Uzunköprü in May 2025 to build a factory for wind turbine parts for the domestic and export markets.,,,2025-05-05,2025-05-05,,0,0,0,0
XCMG-TURKEY,XCMG investment decision (construction machinery),XCMG,Mainland China,Machinery & industry,Construction machinery,—,Agreed / announced,Decision reported,—,Hong Kong,XCMG International Trading (HK),A sector article said XCMG had decided to invest in Turkey's construction-machinery sector (2014).,,,2014-08-26,2014-08-26,2014-08-26,1,0,0,0
ZHEJIANG-ENERGY-POLAT-SOMA,Zhejiang Energy–Polat coal mine & power plant (Soma),Zhejiang Energy Group,Mainland China,Energy,Energy – coal,Manisa; İzmir,Agreed / announced,Protocol signed – no follow-up,JV mine + power plant,,,"A protocol for a >1bn USD coal mine and power plant in Soma/Kınık was signed in 2011, billed as the first big Chinese FDI.","1,000m USD",,2011-09-28,2011-09-28,2011-09-28,1,0,0,0
ZORLU-GSR-BATTERY,Zorlu–GSR Capital battery plant,GSR Capital,Mainland China,Automotive & batteries,Batteries / EV,—,Agreed / announced,Preliminary agreement – not realised in archive,JV battery plant,,,Zorlu and China's GSR Capital signed a preliminary deal for a 4.5bn USD battery plant (2018).,"4,500m USD (planned by 2023)",4000,2018-02-25,2018-04-13,2018-02-25,1,2,0,0
HATTAT-AMASRA-AVIC-EPC,AVIC EPC framework for Hattat Amasra plant,AVIC International,Mainland China,Energy,Energy – coal,Bartın,Contractor / finance only,Contractor only,EPC framework,,,"Contractor role (1bn USD EPC framework, 2012).","1,000m USD (EPC framework)",,2012-02-21,2012-02-21,,0,0,0,1
AKSA-HPP-CNTIC,"Aksa Enerji hydropower plants (7 plants, 251 MW)",CNTIC (Genertec); Chinese lenders,Mainland China,Energy,Energy – hydro,—,Contractor / finance only,Agreed (2013),EPC + Chinese loans,,,"Aksa Enerji and CNTIC agreed in 2013 to build seven hydropower plants for USD 463m, mostly financed by Chinese lenders.",463m USD (contract),,2013-02-07,2013-02-07,,0,0,0,0
HSR-ANKARA-ISTANBUL-PHASE2-CRCC,"Ankara–Istanbul high-speed rail, phase 2 (İnönü–Köseköy)",CRCC (CCECC); CMC (with Cengiz and IC İçtaş),Mainland China,Transport & logistics,Rail,Eskişehir; Bilecik; Sakarya; Kocaeli,Contractor / finance only,Completed (opened July 2014),EPC consortium + Chinese loans,,,"A consortium of CRCC and CMC with Cengiz and IC İçtaş won the second stage of the Ankara–Istanbul high-speed line in 2005 with Chinese credit; the 1.27bn USD section, of which 720m USD Chinese loans, opened in July 2014.","1,270m USD project; 720m USD Chinese loans",,2005-10-14,2014-10-07,,0,0,0,2
ATLAS-ISKENDERUN-CPI-AVIC-EPC,Atlas İskenderun coal plant EPC (Diler),CPI Power Engineering (SPIC); AVIC International,Mainland China,Energy,Energy – coal,Hatay,Contractor / finance only,Operating (2014),EPC contract; O&M,,,"Chinese contractors CPI Power Engineering and AVIC International built Diler Holding's 2×600 MW Atlas coal-fired plant at İskenderun, in commercial operation from late 2014; CPI Power Engineering has operated and maintained it since 2015.",,,2008-07-08,2023-04-23,,0,0,0,0
HATTAT-AMASRA-CHINACOAL-MINING,China Coal extraction contract (Amasra),China Coal,Mainland China,Mining,Mining,Bartın,Contractor / finance only,Contractor only,Mining contract,,,700m USD coal extraction contract (2013).,700m USD (mining contract),,2013-07-22,2013-07-22,,0,0,0,1
MERSIN-RAIL-CN,Chinese firms in Mersin rail finance-and-build talks,Unnamed Chinese firms,Mainland China,Transport & logistics,Urban rail,Mersin,Contractor / finance only,Contractor / finance talks,Finance + build,,,Preliminary talks (2019).,,,2019-12-03,2019-12-03,,0,0,0,1
CN-HSR-ANKARA-ISTANBUL,Chinese government HSR talks (Ankara–Istanbul),PRC government,Mainland China,Transport & logistics,Rail,Ankara; Bolu; İstanbul,Contractor / finance only,Contractor / finance talks,G2G build/finance,,,Government-to-government talks for a faster Ankara–Istanbul line (2013).,,,2013-06-03,2013-06-03,,0,0,0,1
ETI-MADEN-BORON-CARBIDE,Chinese technology/EPC for Eti Maden boron carbide plant,Dalian Jinma; CMEC,Mainland China,Machinery & industry,Chemicals,Balıkesir,Contractor / finance only,Contractor / technology only,EPC + technology transfer,,,Eti Maden's boron carbide plant uses Dalian Jinma technology and is built by CMEC; the plant is state-owned.,70m USD,250,2018-06-07,2021-01-27,,0,0,0,4
HATTAT-AMASRA-DATONG-MINING,Datong mining cooperation (Amasra),Datong Coal,Mainland China,Mining,Mining,Bartın,Contractor / finance only,Contractor only,Mining cooperation,,,Contractor role in Hattat's Amasra coal mining (2012).,,,2012-10-22,2012-10-22,,0,0,0,1
EGIRDIR-PSH-GEZHOUBA,Gezhouba EPC for Eğirdir pumped hydro,China Gezhouba Group,Mainland China,Energy,Energy – hydro,Isparta,Contractor / finance only,Contractor only,EPC,,,"1.5bn USD EPC contract with KAF for a 1,000 MW pumped-storage plant (2020).","1,500m USD (EPC)",,2020-04-09,2020-04-09,,0,0,0,1
KALYON-PV-FACTORY-CETC,Kalyon solar panel factory equipment (Ankara),CETC (China Electronics Technology Group),Mainland China,Energy,Solar manufacturing,Ankara,Contractor / finance only,Contracted (2019),Equipment supply and installation,,,"CETC agreed in 2019 to supply and install the equipment for Kalyon's 400m USD integrated solar panel factory in Ankara (500 MW a year, about 1,500 jobs).",400m USD (factory),1500,2020-08-18,2020-08-18,,0,0,0,1
KAZAN-SODA-TCC,Kazan Soda soda ash plant (Ankara),China Tianchen Engineering (CNCEC); Chinese banks,Mainland China,Machinery & industry,Chemicals,Ankara,Contractor / finance only,Completed (2018); Ciner-owned,EPC + Chinese loans,,,"China Tianchen Engineering built Ciner's Kazan natural soda ash and power complex, financed by Chinese banks (2013 agreement); no Chinese equity stake was reported.","1,350m USD (project, reported)",,2013-01-11,2013-01-11,,0,0,0,0
KONTROLMATIK-HARBIN-STORAGE,Kontrolmatik battery storage and wind project (Tekirdağ),Harbin Electric International,Mainland China,Energy,Energy – storage,Tekirdağ,Contractor / finance only,Agreed (2024; after archive end),Financing / contract,,,Harbin Electric International agreed about USD 300m for a Kontrolmatik 1 GWh storage plant with a 250 MW wind farm (2024).,300m USD (reported),,2024-02-22,2024-02-22,,0,0,0,0
LIMAK-CEMENT-SINOMA,Limak cement plant near Ankara,Sinoma International,Mainland China,"Construction, real estate & tourism",Construction materials,Ankara,Contractor / finance only,Contracted (2015),EPC contract,,,"Sinoma signed a turnkey EPC contract with Limak in 2015 for a 5,000 tpd cement plant in Polatlı, 85% financed by a Chinese export-credit-insured loan.",155m USD (contract),,2015-05-29,2015-06-02,,0,0,0,1
MEDCEM-SINOMA-CEMENT,Medcem cement plant (Silifke),Sinoma International,Mainland China,"Construction, real estate & tourism",Construction materials,Mersin,Contractor / finance only,"Completed (2015, one line)",EPC contract,,,Sinoma signed a USD 780m agreement with Eren Holding in 2010 for two cement lines near Mersin; the plant opened in 2015 with one line.,780m USD (contract),,2010-04-19,2010-05-04,,0,0,0,1
SINOPEC-GEOTHERMAL-DRILLING,Sinopec geothermal drilling contract (GCL ND),Sinopec Oilfield Service,Mainland China,Energy,Energy – geothermal,—,Contractor / finance only,Contract signed (2017),Drilling contract,,,"Sinopec Oilfield Service said in May 2017 that its Turkish unit signed an 84.6m USD, 30-month contract with GCL ND to drill 26 geothermal wells; the report does not give the location.",84.6m USD (contract),,2017-05-26,2017-05-26,,0,0,0,0
TUZGOLU-GAS-STORAGE-TIANCHEN,Tuz Gölü underground gas storage (Aksaray),China Tianchen Engineering (CNCEC); China CAMC Engineering; ICBC,Mainland China,Energy,Energy – gas,Aksaray,Contractor / finance only,"Operating (phase 1, 2017)",EPC contract + loan,,,BOTAŞ chose China Tianchen in 2011 to build the Tuz Gölü salt-cavern gas storage (USD 640m); in 2018 ICBC signed a USD 1.2bn loan MoU for the Tuz Gölü and Silivri expansions. The phase II expansion (from 2019) is being built by China CAMC Engineering with IC İçtaş.,640m USD (contract),,2011-11-29,2020-10-02,,0,0,0,5
VOTORANTIM-SIVAS-TCDRI,Votorantim Sivas cement line,TCDRI (Sinoma),Mainland China,"Construction, real estate & tourism",Construction materials,Sivas,Contractor / finance only,Contracted (2015),Engineering and equipment contract,,,A Sinoma design institute won the engineering and procurement contract for a new Votorantim Çimento line (2015).,,,2015-03-04,2015-03-04,,0,0,0,0
ZETES2-SINOMACH-EPC,ZETES-2 coal power plant (Zonguldak),CMEC (Sinomach),Mainland China,Energy,Energy – coal,Zonguldak,Contractor / finance only,Completed (c. 2010–2011),EPC contract,,,CMEC built the two 600 MW units of Eren Enerji's ZETES coal complex under a 2007 EPC contract.,,,2010-02-14,2010-02-14,,0,0,0,0
AGAOGLU-UMUTLU-HES,Zhejiang Orient agreement for Umutlu HES,Zhejiang Orient,Mainland China,Energy,Energy – hydro,Amasya,Contractor / finance only,Contractor / role unstated,Agreement,,,Agreement for a 21.5 MW hydro plant; the Chinese role is not stated (likely EPC).,55m TRY (project),,2012-03-12,2012-03-12,,0,0,0,1
CALDAG-NICKEL-CNCEC,Çaldağ nickel project (Manisa),China Tianchen Engineering (CNCEC); JXTC,Mainland China,Mining,Mining,Manisa,Contractor / finance only,Stalled,EPC + offtake + debt finance,,,European Nickel lined up Chinese offtake and about USD 350m of Chinese debt for Çaldağ with China Tianchen as contractor (2009); the project stalled.,350m USD (debt sought),,2009-07-08,2009-07-08,,0,0,0,0
ADM-CAPITAL-ISIKLAR,ADM Capital partnership in Işıklar Holding,ADM Capital,Hong Kong,Banking & finance,Holding,İstanbul,Failed / lost / exited,Exited (2012),Holding-level partnership,,,ADM Capital partnered with Işıklar Holding from about 2006 and exited in January 2012.,,,2012-09-25,2012-09-25,2012-09-25,1,0,0,0
AKKUYU-NPP-TENDER-2008,Akkuyu nuclear tender – Chinese spec buyer (2008),China Nuclear Power Components Co.,Mainland China,Energy,Nuclear energy,Mersin,Failed / lost / exited,Did not bid,Tender participation,,,A Chinese company bought the 2008 Akkuyu tender documents but did not submit a bid.,,,2008-07-17,2009-10-16,2008-07-17,1,5,0,0
CANAKKALE-1915-BRIDGE-CN,CRBC in the 1915 Çanakkale Bridge tender,China Road and Bridge Corp (with Cengiz–Kolin),Mainland China,Transport & logistics,Transport infrastructure,Çanakkale,Failed / lost / exited,Bid lost (2017),BOT consortium,,,CRBC bid with Cengiz and Kolin for the bridge BOT in 2017; the Daelim–Limak–SK–Yapı Merkezi group won.,,,2017-01-18,2017-01-26,2017-01-18,2,1,0,0
CHINA-SUNERGY-SOLAR-FACTORY,"China Sunergy (CSUN) solar module factory, Tuzla",China Sunergy (CSUN),Mainland China,Energy,Solar manufacturing,İstanbul,Failed / lost / exited,"Opened 2013 (120 MW, Tuzla Free Zone); production halted 2018",Greenfield factory,Luxembourg; Hong Kong,CSUN Holding (Luxembourg); CSUN Trading (Hong Kong),"China Sunergy announced a 600m USD panel factory with Seul Enerji in 2012 and opened a 120 MW module plant in the Tuzla Free Zone in 2013; the plant grew until 2017, and in 2018 production stopped with workers' wages unpaid.",600m USD (announced 2012),,2012-07-23,2018-07-17,2012-07-23,2,0,0,0
SINOP-NPP-CHINA-BID,China's bid for the Sinop nuclear plant,CGNPC; CNI23 (with CANDU); PRC,Mainland China,Energy,Nuclear energy,Sinop,Failed / lost / exited,Lost to Japan–France (2013),Intergovernmental nuclear project,,,China negotiated for Turkey's second nuclear plant in Sinop in 2012–13; the project went to the Japanese–French consortium.,"20,000–22,000m USD (whole plant; not a Chinese stake)",,2012-01-25,2013-04-29,2012-01-25,5,8,0,0
KARAPINAR-YEKA-SOLAR-CN,Chinese bidders in Karapınar YEKA solar,CMEC; Hareon Solar; Solargiga,Mainland China,Energy,Solar,Konya,Failed / lost / exited,Bid lost (2017),Tender consortium,,,"Two consortia with Chinese members bid in the 2017 1,000 MW Karapınar YEKA; Kalyon–Hanwha won.","1,500m USD (tender size)",1000 MW,2016-10-02,2017-03-20,2016-10-02,3,0,0,0
YSS-BRIDGE-CN-STAKE,Chinese stake in Yavuz Sultan Selim Bridge & North Marmara Motorway,China Merchants Expressway; Jiangsu Expressway; Zhejiang Expressway,Mainland China,Transport & logistics,Transport infrastructure,İstanbul,Failed / lost / exited,Agreed 2019 – talks suspended 2021,Acquisition (51%),,,A Chinese consortium agreed in Dec 2019 to buy 51% of the bridge operator ICA for about 659–689m USD; in Aug 2021 IC Holding suspended talks pending refinancing.,659–689m USD (51%),,2009-08-31,2021-08-02,2009-08-31,8,2,0,1
BASKENT-GAZ-PRIVATIZATION,ENN in Başkent Doğalgaz privatisation,ENN Energy (with STFA),Mainland China,Energy,Gas distribution,Ankara,Failed / lost / exited,Bid – not won,Privatisation bid,,,STFA bid for Başkent Gaz with China's ENN via a 50-50 company (2012); the archive does not show them winning.,,,2012-04-16,2012-07-20,2012-04-16,3,1,0,0
YEKA-RES-2017-CN,Goldwind and MingYang in YEKA wind tender,Goldwind; MingYang,Mainland China,Energy,Wind energy,—,Failed / lost / exited,Bid lost (2017),Tender consortium,,,"Goldwind (with Akfen–Beyçelik) and MingYang bid in the 1,000 MW wind YEKA (2017) but did not win.","1,000m USD (tender size)",1000 MW,2017-07-25,2017-08-03,2017-07-25,3,5,0,0
LIFAN-DUZCE-MOTORCYCLE,Lifan motorcycle plant (Düzce),Lifan Group,Mainland China,Automotive & batteries,Motorcycles,Düzce,Failed / lost / exited,Opened 2008; Turkish company later deregistered,Greenfield assembly plant,,,"Chongqing-based Lifan set up a motorcycle assembly plant in Çilimli, Düzce (24,000 m² site), announced in December 2007 with production from April 2008; in 2009 it was assembling one motorcycle every 20 minutes, largely from Chinese parts. The Turkish company has since been struck off the trade registry.",,,2007-12-29,2009-06-09,,0,0,0,0
SWISS-BELHOTEL-TURKEY,Swiss-Belhotel in Turkey (Çelik Palas),Swiss-Belhotel International,Hong Kong,"Construction, real estate & tourism",Hotels,Bursa,Failed / lost / exited,Exited (2017),Hotel partnership / management,,,The Hong Kong chain entered via Bursa's Çelik Palas in 2015 and left in 2017.,,,2015-09-21,2017-11-27,,0,0,2,0
HUTCHISON-IZMIR-PORT,İzmir Port privatisation (Global–Hutchison–EİB),Hutchison Port Holdings,Hong Kong,Transport & logistics,Ports,İzmir,Failed / lost / exited,Failed / abandoned,Privatisation concession (49 yrs),,,Hong Kong's Hutchison was in the Global–Hutchison–EİB consortium that won İzmir Port's 49-year concession for 1.275bn USD in 2007; after court delays the consortium did not take over the port.,"1,275m USD (consortium winning bid)",,2008-02-29,2013-03-28,2008-02-29,3,5,0,0
BYD-TURKEY-PRODUCTION-BASE,BYD e-bus production base idea,BYD,Mainland China,Automotive & batteries,Automotive (e-bus),—,Interest / talks / bid,Exploration,—,,,BYD said in 2014 it was studying Turkey as a production base for electric buses.,,,2014-04-27,2014-04-27,2014-04-27,1,0,0,0
CMEC-ELECTRICITY-DISTRIBUTION-INTEREST,CMEC interest in electricity distribution,CMEC,Mainland China,Energy,Energy,—,Interest / talks / bid,Interest,—,,,"Mainly an EPC contractor, CMEC said in 2013 it was eyeing electricity distribution.",,,2013-09-19,2013-09-19,2013-09-19,1,0,0,0
AFSIN-ELBISTAN-CN,Chinese bid for the Afşin-Elbistan coal complex,Chinese companies (Dongfang mentioned),Mainland China,Energy,Energy – lignite,Kahramanmaraş,Interest / talks / bid,Talks – not concluded,Coal field + power plant,,,Turkey negotiated a 10–12bn USD Afşin-Elbistan deal with China in 2013–16; no agreement is reported.,"10,000–12,000m USD (project under discussion)",3000,2013-10-04,2016-01-12,2013-10-04,4,3,0,0
CN-MINERALS-EXPLORATION-2008,Chinese coal/chrome exploration partnerships (2008),Sinocoal Intl. Engineering; unnamed investors,Mainland China,Mining,Mining,Manisa; Mersin,Interest / talks / bid,Exploration / partnerships reported,Partnerships / exploration,,,Reports of Chinese investors forming partnerships for coal exploration (Manisa) and chrome deposits (Erdemli).,,,2008-05-08,2008-05-08,2008-05-08,1,0,0,0
VAN-CN-CONSTRUCTION-INVESTMENT,Chinese construction investment feasibility in Van,Unnamed Chinese firm,Mainland China,"Construction, real estate & tourism",Construction,Van,Interest / talks / bid,Feasibility,—,,,A Chinese firm with a local partner set aside 12m TL for a feasibility study in Van (2012).,12m TRY (feasibility budget),,2012-11-05,2012-11-05,2012-11-05,1,0,0,0
ISTANBUL-3RD-AIRPORT-CN,Chinese interest in Istanbul's third airport,Unnamed Chinese firms,Mainland China,Transport & logistics,Airports,İstanbul,Interest / talks / bid,Interest,BOT tender,,,Minister Yıldırım listed Chinese firms among those interested in the third-airport tender (2012).,,,2012-10-05,2012-10-05,2012-10-05,1,0,0,0
KANAL-ISTANBUL-CN,Chinese interest in Kanal İstanbul,Unnamed Chinese firms,Mainland China,Transport & logistics,Infrastructure,İstanbul,Interest / talks / bid,Preliminary talks,Tender (model undecided),,,Officials held preliminary talks with Chinese firms on Kanal İstanbul (2014-15).,"15,000m USD (project cost estimate)",,2014-04-02,2018-09-28,2014-04-02,2,1,0,0
CN-COAL-1320MW-2015,"Chinese interest in a 1,320 MW coal plant",Unnamed Chinese companies,Mainland China,Energy,Energy – coal,—,Interest / talks / bid,Interest,—,,,"The EPDK head said Chinese firms wanted to build a 1,320 MW coal plant and other energy assets (2015).",,1320 MW,2015-11-05,2015-11-05,2015-11-05,1,0,0,0
HUMARTAS-CN-SOLAR-PARTNERS,Chinese partners in Humartaş renewable projects,Unnamed Chinese panel makers,Mainland China,Energy,Renewable energy,—,Interest / talks / bid,Joint projects (reported),JV / supplier finance,,,Humartaş said it runs joint projects with Chinese firms and that panel makers provide funding (2015).,,,2015-08-23,2015-08-23,2015-08-23,1,0,0,0
SILIFKE-CN-RENEWABLE,Chinese renewable firms seeking land in Silifke,Unnamed Chinese firms,Mainland China,Energy,Renewable energy,Mersin,Interest / talks / bid,Land request (unmet),—,,,Silifke OSB received land requests from Chinese renewable-energy firms but could not meet them (2014).,,,2014-02-20,2014-02-20,2014-02-20,1,0,0,0
DONGFANG-WIND-TURBINE-PLANT,Dongfang Electric wind turbine factory (plan),Dongfang Electric Corporation,Mainland China,Energy,Wind equipment,—,Interest / talks / bid,Talks (2025),Greenfield factory (plan),,,"Energy minister Bayraktar said in September 2025 that he discussed with Dongfang Electric its plan for a wind turbine factory in Turkey with 2,000 MW annual capacity and an initial investment of about 250m USD.",250m USD (plan),,2025-09-30,2025-09-30,,0,0,0,0
GEELY-ANADOLU-TURKEY,Geely investment plan with Anadolu Group,Geely,Mainland China,Automotive & batteries,Automotive,—,Interest / talks / bid,Plan reported (2010),—,,,ISPAT listed Geely as planning investment in Turkey with Anadolu Group (2010).,,,2010-06-20,2010-06-20,2010-06-20,1,0,0,0
HISENSE-ANADOLU-TURKEY,Hisense production plan with Anadolu Group,Hisense,Mainland China,"Electronics, telecom & IT",Consumer electronics,—,Interest / talks / bid,Interest,Production facility (plan),,,Hisense entered the market via Anadolu Group's Antek and said it wanted a Turkish production facility (2010).,,,2010-10-27,2010-10-27,2010-10-27,1,0,0,0
JAC-EV-TURKEY-2011,JAC electric-vehicle investment interest,JAC Motors,Mainland China,Automotive & batteries,Automotive (EV),—,Interest / talks / bid,Interest,—,,,"JAC said in 2011 it wanted to invest in Turkey, especially in EVs.",,,2011-03-15,2011-03-15,2011-03-15,1,0,0,0
KINGDOM-LINEN-TURKEY,Kingdom linen yarn factory idea,Kingdom,Mainland China,"Consumer, retail & media",Textiles,—,Interest / talks / bid,Exploration,Factory (idea),,,The Chinese linen yarn maker said a factory and flax growing in Turkey could be studied (2012).,,,2012-09-19,2012-09-19,2012-09-19,1,0,0,0
LUOYANG-YIZONG-HALAL,Luoyang Yizong halal food partnership idea,Luoyang Yizong Islamic Food,Mainland China,"Consumer, retail & media",Food retail,—,Interest / talks / bid,Partner search,Partnership / retail chain (idea),,,The Chinese halal meat producer said in 2012 it was considering a Turkish partnership and its own supermarket chain.,,,2012-10-03,2012-10-03,2012-10-03,1,0,0,0
RISEN-SOLAR-VAN,Risen Solar feasibility in Van,Risen Solar Technology,Mainland China,Energy,Solar,Van,Interest / talks / bid,Feasibility,—,,,Risen Solar sent a team to Van for a solar-investment feasibility study (2014).,,,2014-12-20,2014-12-20,2014-12-20,1,0,0,0
SENSTONE-TOURISM-2018,Senstone Capital tourism and food investments,Senstone Capital,Mainland China,"Construction, real estate & tourism",Tourism / food,İstanbul,Interest / talks / bid,Plan announced (2018),Acquisition / investment plan,,,"Senstone Capital said in 2018 it would invest 150m USD in Turkish tourism and food, naming the Grand Hyatt Istanbul among hotels it wanted to buy.",150m USD (planned),,2018-09-27,2018-09-27,2018-09-27,1,0,0,0
ESKISEHIR-ALPU-SHENHUA-DEI,Shenhua–DEI bid for Eskişehir thermal plant,Shenhua,Mainland China,Energy,Energy – lignite,Eskişehir,Interest / talks / bid,Bid,Tender (investor),,,Greece's DEI said it bid with Shenhua for an Eskişehir thermal plant (2018).,,,2018-02-06,2018-02-06,2018-02-06,1,0,0,0
SINOTRUK-TURKEY,Sinotruk exploration visit,Sinotruk,Mainland China,Automotive & batteries,Automotive (trucks),—,Interest / talks / bid,Exploration,—,,,Sinotruk visited in 2014 to explore production and trade options.,,,2014-03-19,2014-03-19,2014-03-19,1,0,0,0
SINOVEL-AGAOGLU-LOCALISATION,Sinovel turbine supply and localisation invitation,Sinovel,Mainland China,Energy,Wind equipment,—,Interest / talks / bid,Invitation only,Turbine supply + localisation,,,Ağaoğlu agreed to buy turbines for 600 MW and invited Sinovel to produce components in Turkey (2012).,"1,000m USD (wind farms using its turbines)",,2012-04-10,2012-04-10,2012-04-10,1,0,0,0
STARTIMES-TURKEY,StarTimes seeks Turkish partner,StarTimes,Mainland China,"Consumer, retail & media",Media,—,Interest / talks / bid,Partner search,—,,,StarTimes said in 2017 it was preparing to invest and looking for a Turkish partner.,,,2017-05-30,2017-05-30,2017-05-30,1,0,0,0
TBEA-TURKEY,"TBEA investment interest (solar, turbines)",TBEA,Mainland China,Energy,Energy equipment,—,Interest / talks / bid,Interest / pledge only,Interest,,,TBEA expressed interest in solar investment (2008) and gave PM Erdoğan an 'investment promise' in Urumqi (2012); no project followed in the archive.,,,2008-09-06,2012-04-08,2008-09-06,2,0,0,0
ALIBABA-CLOUD-EGLOBER,Alibaba Cloud via E-Glober,Alibaba Cloud,Mainland China,"Electronics, telecom & IT",Cloud services,—,Presence / partnership (non-equity),Partnership,Reseller partnership,,,Alibaba Cloud entered Turkey through a partnership with E-Glober (2018).,,,2018-04-09,2018-04-09,,0,0,1,0
ALIBABA-TURKEY-ENTRY-2011,Alibaba.com market entry via partnership,Alibaba.com,Mainland China,"Consumer, retail & media",E-commerce,—,Presence / partnership (non-equity),Market entry (partnership),Partnership,,,Alibaba.com entered Turkey through a local partnership (2011).,,,2011-10-06,2011-10-06,,0,0,1,0
ALIPAY-TURKEY,Alipay in Turkey,Ant Group (Alipay),Mainland China,Banking & finance,Payments,İstanbul,Presence / partnership (non-equity),Operating (partnerships),"Partnerships (ininal, İş Bankası)",Singapore,Ant Services (Singapore) Holdings,"İş Bankası has accepted Alipay for e-commerce since 2017 and on physical POS since 2019; in May 2019 Alipay launched with ininal for Chinese tourists in Istanbul and Cappadocia, the year its Turkish company was registered.",,,2019-05-21,2024-12-20,,0,1,1,0
BGI-GENOKS,BGI Genomics–Genoks partnership,BGI Genomics,Mainland China,Health,Healthcare – genetic testing,İstanbul,Presence / partnership (non-equity),Partnership,MoU (non-equity),,,BGI Genomics and Turkey's Genoks extended their partnership in 2018 to expand prenatal testing and sequencing services in Turkey.,,,2018-01-01,2018-01-01,,0,0,0,0
BENELLI-KUBA-GAZIANTEP,Benelli production with Kuba Motor (Gaziantep),Benelli (Qianjiang/Geely),Chinese-owned foreign brand,Automotive & batteries,Motorcycles,Gaziantep,Presence / partnership (non-equity),Agreement signed,Production agreement (Kuba plant),,,"Chinese-owned Benelli agreed with Kuba Motor to make Turkey its third production site, using Kuba's Gaziantep plant (2017).",,,2017-10-16,2017-10-16,2017-10-16,1,0,0,0
CRBC-TURKEY,China Road and Bridge Turkey office,CRBC,Mainland China,"Construction, real estate & tourism",Construction (contractor),—,Presence / partnership (non-equity),Operating office,Country office,,,CRBC has a Turkey general manager (2015); later bid for the 1915 Çanakkale Bridge.,,,2015-03-14,2015-03-14,,0,0,1,0
CHINA-SOUTHERN-ISTANBUL,China Southern Airlines Istanbul flights,China Southern Airlines,Mainland China,Transport & logistics,Aviation,İstanbul,Presence / partnership (non-equity),Operating,Airline routes and branch office,,,"China Southern flew Beijing/Urumqi–Istanbul from 2011, suspended in July 2016, returned in late 2018, resumed after the pandemic in June 2022 and launched Guangzhou–Istanbul in June 2024.",,,2018-06-01,2024-06-29,,0,0,2,0
REEDER-SAMSUN-CN-PARTNER,Chinese manufacturer partner in Reeder's Samsun plant,Unnamed Chinese phone maker,Mainland China,"Electronics, telecom & IT",Electronics,Samsun,Presence / partnership (non-equity),Operating (Chinese role unclear),Strategic partner support,,,"Reeder said it set up its Samsun phone plant with support from its Chinese manufacturer, on EBRD advice to take a strategic partner (2018).",6m TRY (Reeder investment to date),80,2018-07-07,2018-10-19,2018-07-07,1,3,0,0
HK-HOTEL-BRANDS,Hong Kong hotel brands (management),Mandarin Oriental; Shangri-La,Hong Kong,"Construction, real estate & tourism",Hotels,İstanbul; Muğla,Presence / partnership (non-equity),Operating (management contracts),Brand / management,,,"Hong Kong-based hotel groups operate hotels in Istanbul and Bodrum; the articles describe brand/management roles, not ownership. The Shangri-La Bosphorus is recorded separately.",,,2012-09-14,2015-06-23,,0,1,1,0
JA-SOLAR-HSA-OEM,JA Solar panels made by HSA Enerji (Manisa),JA Solar,Mainland China,Energy,Solar manufacturing,Manisa,Presence / partnership (non-equity),Operating,OEM production (non-equity),,,"HSA Enerji makes JA Solar panels alongside its own brand at its Manisa plant (500 MW in 2022, a second factory planned); trade press describes this as JA Solar's local OEM production.",,500 MW (1 GW planned),2022-06-16,2022-12-31,,0,0,1,0
JAC-IHLAS-YALOVA-SKD,JAC–İhlas SKD assembly in Yalova,JAC Motors,Mainland China,Automotive & batteries,Automotive (LCV),Yalova,Presence / partnership (non-equity),MoU signed,Licensed SKD assembly,,,İhlas Motor agreed with JAC to assemble 3.5-t LCVs in its Yalova plant (2012); no Chinese equity is reported.,,,2012-05-08,2012-05-08,2012-05-08,1,0,0,0
LIYUAN-TUVASAS-RAIL,Liyuan–TÜVASAŞ rail partnership,Liyuan (Chinese rail equipment maker),Mainland China,Transport & logistics,Rail equipment,Sakarya,Presence / partnership (non-equity),Agreement signed (2018),Partnership agreement (possible JV),,,"Chinese rail firm Liyuan signed an agreement with state wagon maker TÜVASAŞ in 2018 to develop metro, tram and light-rail projects, saying joint ventures could follow; TÜVASAŞ had ordered 12 trains from it.",,,2018-05-29,2018-05-29,2018-05-29,1,0,0,0
TCL-ARCELIK-PHONES,TCL phones co-produced with Arçelik,TCL Communication,Mainland China,"Electronics, telecom & IT",Smartphones,Tekirdağ,Presence / partnership (non-equity),Production started (2021),Co-production (Arçelik plant),,,"TCL began SKD phone production with Arçelik at Çerkezköy OSB in 2021 (450,000/yr); no Chinese equity is reported.",,"450,000 phones/yr",2021-05-26,2021-06-02,2021-05-26,2,1,0,0
TRINA-SOLAR-TURKEY,Trina Solar in Turkey,Trina Solar,Mainland China,Energy,Solar,İstanbul,Presence / partnership (non-equity),Module supplier,Supply contracts; sales company,Luxembourg,Trina Solar Holdings (Luxembourg),"Trina Solar supplies modules to Turkish solar projects (a 40 MW deal with Tegnatia in 2016); press reports show supply contracts only, no plant.",,,2016-04-06,2016-04-06,,0,0,0,0
ADM-CAPITAL-HEALTH,ADM Capital in Turkish healthcare,ADM Capital,Hong Kong,Health,Healthcare,—,Realised / under way,Reported (target unnamed),Fund investment,,,ADM Capital is listed among funds that entered the Turkish health sector (2014).,,,2014-09-26,2014-09-26,,0,1,0,0
ADM-CAPITAL-STFA,ADM Capital stake in STFA Yatırım Holding,ADM Capital (Asia Debt Management),Hong Kong,Banking & finance,Holding / construction,İstanbul,Realised / under way,Realised (reported),Minority stake (21%),,,A 2008 article reports that 21% of STFA Yatırım Holding was sold to Hong Kong-based ADM Capital.,,,2008-03-19,2008-03-19,2008-03-19,1,0,0,0
ALIBABA-TRENDYOL,Alibaba's control of Trendyol,Alibaba Group,Mainland China,"Consumer, retail & media",E-commerce,İstanbul,Realised / under way,Completed; follow-on capital,Acquisition + capital increase,Singapore,Alibaba.com Singapore E-Commerce,Alibaba became Trendyol's majority owner in 2018 (the deal article itself is missing from the archive) and added 350m USD of capital in 2021 (86.5% stake).,350m USD (2021 capital increase; 2018 deal value not in archive),3000 couriers,2018-05-09,2022-03-03,2018-05-09,4,6,3,0
BANK-OF-CHINA-TURKEY,Bank of China Turkey,Bank of China,Mainland China,Banking & finance,Banking,İstanbul,Realised / under way,Operating (licensed 2017),New bank subsidiary,,,"Bank of China opened liaison offices (2014), applied for a licence (2015-16) and received its operating licence in December 2017.",,,2014-03-06,2018-10-19,2014-03-06,5,4,1,0
COSCO-KUMPORT,COSCO-led acquisition of Kumport,"COSCO Pacific (with CMHI, CIC Capital)",Mainland China,Transport & logistics,Ports,İstanbul,Realised / under way,Completed (2015),Acquisition (65%),Luxembourg,Euro-Asia Oceangate S.à r.l. (Luxembourg),"A COSCO Pacific-led consortium bought 65% of Kumport (Ambarlı) for 940m USD in 2015, then the largest Chinese FDI in Turkey.",940m USD,,2015-09-17,2021-03-27,2015-09-17,1,1,0,0
CSR-MNG-ANKARA-RAIL-PLANT,"CRRC–MNG metro vehicle plant (Sincan, Ankara)",CRRC Zhuzhou (formerly CSR); MNG Holding,Mainland China,Transport & logistics,Rail equipment,Ankara,Realised / under way,Operating (production resumed 2017),JV plant,,,"After winning the 2012 tender for 324 Ankara metro cars with a 51% local-content rule, CSR Zhuzhou and MNG Holding built a 110m USD rail vehicle plant in the Sincan industrial zone. The first phase started production in August 2014 and the first vehicle followed that December; work then stopped for about three years and resumed in April 2017 under the name CRRC-MNG.",110m USD,,2009-10-28,2021-03-31,2014-10-07,1,3,3,1
CENHAN-MALATYA-COPPER,Cenhan Madencilik copper mine (Malatya),Cenhan Madencilik,Mainland China,Mining,Mining – copper,Malatya,Realised / under way,Operating rights acquired,10-year operating rights,,,A Chinese company took 10-year operating rights to a copper site in Arguvan (2012).,,,2012-09-17,2012-09-17,2012-09-17,1,0,0,0
PIRELLI-CHEMCHINA,ChemChina control of Pirelli/Prometeon (İzmit),ChemChina (Sinochem),Chinese-owned foreign brand,Automotive & batteries,Tyres,Kocaeli,Realised / under way,Indirect ownership; expansions completed,Indirect acquisition + expansion,,,ChemChina took control of Pirelli in 2015 (with Türk Pirelli in İzmit); spin-off Prometeon spent 115m USD in İzmit in 2017–20 and planned 40m USD more.,"7,700m USD (global ChemChina–Pirelli deal); Prometeon İzmit: >150m USD 2017–23",,2015-03-23,2021-01-28,2015-03-23,4,0,0,0
CHINA-TELECOM-TURKEY,China Telecom in Turkey,China Telecom,Mainland China,"Electronics, telecom & IT",Telecom,İstanbul,Realised / under way,Operating,Network point of presence; subsidiary,Hong Kong,China Telecom Global (Hong Kong),China Telecom Europe built a point of presence in Istanbul and signed a cooperation MoU with Türk Telekom International in 2014; the group later set up a wholly owned Turkish subsidiary in Maslak.,,,2014-09-16,2014-09-16,,0,0,0,0
CRYSTAL-BAYRAKTAR-TIME2SHIRT,Chinese entrepreneur's shirt business (Sakarya),Crystal Bayraktar,Mainland China,"Consumer, retail & media",Textiles (small business),Sakarya,Realised / under way,Operating,Small business,,,A Chinese national co-founded a made-to-measure shirt maker in Sakarya that began exporting (2014).,,,2014-01-07,2014-01-07,2014-01-07,1,0,0,0
CN-MARBLE-QUARRIES,Chinese purchases of marble quarries (unnamed buyers),Unnamed Chinese firms,Mainland China,Mining,Mining – natural stone,Antalya; Burdur; Isparta; Bursa; Muğla; Afyonkarahisar,Realised / under way,"Realised (reported, unnamed)",Acquisition / operation of quarries,,,"Exporter associations reported Chinese firms buying and operating marble quarries (about 100 in Antalya, Burdur and Isparta by 2014); buyers are never named.",,,2008-03-12,2022-06-01,2008-03-12,4,3,0,0
MARDIN-OSB-CN-UNNAMED,Earlier Chinese investment in Mardin OSB (unnamed),Unnamed Chinese investor,Mainland China,Machinery & industry,Manufacturing,Mardin,Realised / under way,Reported existing,—,,,Mardin officials said the OSB had earlier received investment from China (2012).,,,2012-12-27,2012-12-27,2012-12-27,1,0,0,0
FEILO-SYLVANIA-TURKEY,Feilo Sylvania Turkey office,Feilo Sylvania (Shanghai Feilo),Chinese-owned foreign brand,"Electronics, telecom & IT",Lighting,İstanbul,Realised / under way,Operating office,Sales office,,,"Sylvania, bought by China's Feilo in 2016, opened a Turkey office in 2017.",,5 sales staff,2017-09-25,2017-09-25,2017-09-25,1,0,0,0
GATEIO-TURKEY,Gate.io Turkey operations,Gate.io,Mainland China,Banking & finance,Crypto exchange,İstanbul,Realised / under way,Operating (2022),Country office,,,Gate.io started official operations in Turkey in 2022 and named a country manager.,,,2022-06-21,2022-06-21,2022-06-21,1,0,0,0
GLOBELINK-UNIMAR,Globelink Ünimar freight forwarding JV,"CWT Globelink (CWT, bought by HNA in 2017)",Chinese-owned foreign brand,Transport & logistics,Logistics,İstanbul; Bursa,Realised / under way,Operating,Joint venture (2011),Singapore,CWT Globelink (Singapore),"Turkey's Ünimar formed Globelink Ünimar with Singapore's CWT Globelink in 2011; it has warehouses in Istanbul and Bursa and planned one in Gebze. The Singapore parent CWT was bought by HNA's Hong Kong-listed arm in 2017, so the Chinese ownership is indirect and came after the joint venture.",,,2017-04-10,2023-11-02,,0,0,0,0
HNA-MYTECHNIC-MYCARGO,HNA Group in myTECHNIC and myCARGO,HNA Group,Mainland China,Transport & logistics,Aviation MRO / cargo,İstanbul,Realised / under way,Operating (reported),JV / equity partner,,,HNA co-owns the MRO firm myTECHNIC at Sabiha Gökçen (founder holds 40%) and partners in myCARGO (2012).,,,2012-08-07,2012-08-07,2012-08-07,1,0,0,0
HNA-INGRAM-MICRO-TURKEY,HNA control of Ingram Micro (Turkey unit),HNA Group,Chinese-owned foreign brand,"Electronics, telecom & IT",IT distribution,—,Realised / under way,Approved (2016),Indirect acquisition,,,"Turkey's Competition Board cleared HNA's takeover of Ingram Micro, including its Turkish operations (2016).",,,2016-07-03,2016-07-03,2016-07-03,1,0,0,0
HT-SOLAR-TURKEY,HT Solar panel factory,HT Solar,Mainland China,Energy,Solar manufacturing,—,Realised / under way,Operating,Factory,Luxembourg,HT Holding Luxembourg,"Chinese state-owned HT Solar runs panel factories in Turkey (600 MW in 2018, 1,200 MW/yr by 2021) and bid in YEKA.","1,000m USD (planned YEKA-2 investment)",1200 MW/yr,2018-04-05,2021-05-11,2018-04-05,2,0,1,0
HAIER-ESKISEHIR-PLANT,Haier white-goods factory (Eskişehir),Haier,Mainland China,"Electronics, telecom & IT",White goods,Eskişehir,Realised / under way,Opened (2021),Greenfield factory,,,Haier began building a factory in Eskişehir OSB in 2019; President Erdoğan opened it in October 2021.,,,2020-06-11,2021-10-23,2020-06-11,2,0,0,0
HAITIAN-TURKEY-CENTRES,Haitian machinery centres (Çorlu and Gebze),Haitian International; Haitian Precision,Mainland China,Machinery & industry,Manufacturing machinery,Tekirdağ; Kocaeli,Realised / under way,Operating,"Stock, application and service centres",,,"Ningbo's Haitian group, selling injection moulding machines in Turkey since 2007, opened a 5,000 m² stock, test and training facility in Velimeşe, Çorlu in July 2018; its machine-tool arm Haitian Precision opened a 1,000 m² application centre in Gebze in September 2023.",,,2018-07-19,2023-10-17,,0,0,0,0
HUAMING-BALIKESIR-TAPCHANGER,Huaming tap-changer factory (Balıkesir),Huaming Power Equipment,Mainland China,Machinery & industry,Power equipment,Balıkesir,Realised / under way,Operating (production since 2016),Greenfield plant,,,"Shanghai's Huaming, a maker of transformer tap changers, runs one of its two overseas factories in Turkey; its 2026 Hong Kong listing document dates production there to 2016.",,,2026-03-17,2026-03-17,,0,0,0,0
HUAWEI-ISTANBUL-RND,Huawei Istanbul R&D centre,Huawei,Mainland China,"Electronics, telecom & IT",Telecom R&D,İstanbul,Realised / under way,Operating,R&D centre,,,"Huawei opened its Ümraniye R&D centre in 2010 (planned >50m USD in 3 years); it reported 120m USD by 2016 and 520m TL over 10 years, with 400+ engineers.",120m USD cumulative by 2016; 520m TRY over 10 years,350 engineers (3 yrs),2010-01-14,2021-11-15,2010-01-14,5,0,9,0
ICBC-TEKSTILBANK,ICBC acquisition of Tekstilbank (ICBC Turkey),ICBC,Mainland China,Banking & finance,Banking,İstanbul,Realised / under way,Completed (2015),Acquisition (75.5%),,,"ICBC agreed in 2014 to buy 75.5% of Tekstilbank for 669m TL, completed in May 2015 (renamed ICBC Turkey), then doubled its capital in 2016.",669m TRY (75.5%); +440m TRY capital in 2016,,2014-04-29,2016-12-08,2014-04-29,7,1,4,0
IGG-ISTANBUL-OFFICE,IGG Istanbul office,"IGG (Chinese-founded, Singapore-based, Hong Kong-listed)",Chinese-owned foreign brand,"Consumer, retail & media",Online games,İstanbul,Realised / under way,Operating,Regional office,Singapore,IGG Singapore,"Mobile game company IGG, founded in Fuzhou and headquartered in Singapore, announced an Istanbul office in October 2018 with a target of about 100 staff and Turkish-language titles.",,,2018-10-23,2021-02-09,,0,0,0,0
ISPARTA-XINGTAI-LITHIUM-BATTERY,Isparta–Xingtai lithium battery JV,Xingtai Municipality & Chinese investors,Mainland China,Automotive & batteries,Batteries / EV,Isparta,Realised / under way,JV established (2012),JV (49% Chinese),,,Isparta Municipality formed Isparta Gül Ltd (51%) with Chinese partners (49%) for a lithium battery factory (2012).,,,2012-09-14,2012-09-14,2012-09-14,1,0,0,0
JS-MACHINE-ISTANBUL,J.S. Machine Istanbul base,J.S. Corrugating Machinery (Hubei Jingshan),Mainland China,Machinery & industry,Manufacturing machinery,İstanbul,Realised / under way,Operating,Sales and service base,,,"The Chinese corrugated-board machinery maker serves Turkey, Iran, the Caucasus and Central Asia from an Istanbul facility that trade press dates to 2003.",,,2017-01-17,2017-01-17,,0,0,0,0
JIANGXI-COPPER-NESKO,Jiangxi Copper stake in Nesko Metal,Jiangxi Copper Corporation (consortium),Mainland China,Mining,Mining – copper,İstanbul,Realised / under way,Completed (2014),Acquisition (50%),,,"A consortium led by state-owned Jiangxi Copper bought 50% of Istanbul-based Nesko Metal (Ekin Maden group) for 65m USD in 2014. Nesko is a Turkish company, but its copper mines are in Albania.",65m USD,,2014-02-20,2014-05-16,,0,0,0,0
KUKA-TURKEY,KUKA Turkey (Midea-controlled),KUKA (Midea),Chinese-owned foreign brand,Machinery & industry,Robotics,—,Realised / under way,Operating office,Subsidiary,,,"KUKA, controlled by China's Midea since 2017, has a Turkey country manager.",,,2017-03-13,2017-03-13,,0,0,1,0
KERRY-LOGISTICS-TURKEY,Kerry Logistics in Turkey (ASAV),Kerry Logistics,Hong Kong,Transport & logistics,Logistics,İstanbul,Realised / under way,Completed (2019),Acquisition (majority),,,Kerry Logistics invested in China–Turkey road/rail services (2018) and bought a majority of ASAV Lojistik (2019).,,50 trucks,2018-06-27,2019-11-25,2018-06-27,2,1,0,0
LIFUNG-ISTANBUL-HUB,Li & Fung Istanbul regional HQ,Li & Fung,Hong Kong,Transport & logistics,Sourcing / logistics,İstanbul,Realised / under way,Operating,Regional headquarters,Luxembourg,Fung Properties (Luxembourg),"Li & Fung opened its Istanbul headquarters building in Bahçelievler in 2010 (400 staff), running Europe/North Africa sourcing.",,400 employees,2010-01-13,2010-01-13,2010-01-13,1,0,0,0
NEW-HOPE-ADANA-FEED,New Hope feed factory (Adana),New Hope Group,Mainland China,"Consumer, retail & media",Agri-food,Adana,Realised / under way,Opened (2015),Greenfield,Singapore,New Hope International Holding (Singapore),New Hope opened an animal-feed factory in Adana OSB in 2015.,,,2014-10-07,2015-10-23,2014-10-07,2,0,0,0
NUCTECH-TURKEY,Nuctech Turkey office,Nuctech,Mainland China,"Electronics, telecom & IT",Electronics – security scanners,Ankara,Realised / under way,Operating,Sales and service office,Hong Kong,Nuctech Hong Kong,State-owned scanner maker Nuctech supplies airports and customs in Turkey through a local office; in 2023 it said it had served the Turkish market for 21 years.,,,2021-09-07,2023-10-21,,0,0,0,0
OPPO-TURKEY-PLANT,OPPO smartphone plant (Tuzla),OPPO,Mainland China,"Electronics, telecom & IT",Smartphones,İstanbul,Realised / under way,Production started (2021),Production plant (leased building),Hong Kong,Max Double Investments,"OPPO announced about 50m USD of investment in December 2020, got an incentive certificate (121m TL, 3.5m phones/yr) and began test production in Tuzla in March 2021.",50m USD,200 positions,2019-10-07,2021-03-08,2020-12-21,9,5,1,0
PINEBRIDGE-ULUSAL-FAKTORING,PineBridge stake in Ulusal Faktoring,PineBridge Investments (Pacific Century Group),Hong Kong,Banking & finance,Banking – factoring,İstanbul,Realised / under way,Acquired 47% (2011); shares sold in the 2021 IPO,Minority stake (47%),Luxembourg,PineBridge Eurasia Financial Investments S.à r.l.,"PineBridge, the former AIG asset manager owned by Hong Kong's Pacific Century Group from 2010, bought 47% of Ulusal Faktoring through a Luxembourg vehicle in 2011. Turkish press presents it as the buyer of the American insurer AIG's fund-management arm. PineBridge sold shares when the company went public in November 2021.",,,2011-08-26,2021-11-08,2011-08-26,3,0,0,0
QITAIHE-POLYAK-EYNEZ,Qitaihe LongCoal purchase of Polyak Eynez shares (Kınık coal mine),Qitaihe LongCoal Mining,Mainland China,Energy,Energy – coal,İzmir,Realised / under way,Share purchase reported (January 2026),Acquisition (stake not disclosed),,,"The Turkish subsidiary of Heilongjiang's Qitaihe LongCoal bought Fina Holding's shares in Polyak Eynez, the company behind the Eynez underground coal mine in Kınık. Stake and price were not disclosed; the source is the announcement of the seller's law firm.",,,2026-01-06,2026-01-06,,0,0,0,0
RIOT-GAMES-TURKEY-OFFICE,Riot Games Turkey office (Tencent-controlled),Riot Games (Tencent),Chinese-owned foreign brand,"Consumer, retail & media",Online games,İstanbul,Realised / under way,Operating,Country office,,,"Riot Games, majority-owned by Tencent since 2011, opened a direct Turkey office in 2012.",,,2012-06-27,2013-03-12,2012-06-27,1,3,0,0
HUNUTLU-EMBA-SHANGHAI-ELECTRIC,Shanghai Electric's EMBA Hunutlu power plant,Shanghai Electric Power,Mainland China,Energy,Energy – imported coal,Adana,Realised / under way,Under construction (2021),Acquisition + greenfield plant,,,"A Shanghai Electric Power-led consortium signed contracts in 2018 for the 1,320 MW EMBA Hunutlu plant; ministers called it one of China's largest direct investments in Turkey.","889.7m USD contract (+519.5m engineering); ~1,100m USD plant",3000 construction; 550 operation,2018-02-09,2023-11-04,2018-02-09,3,4,0,0
SHANGRILA-BOSPHORUS,Shangri-La Bosphorus hotel (Beşiktaş),Shangri-La Asia; with Tanrıverdi Holding,Hong Kong,"Construction, real estate & tourism",Hotels,İstanbul,Realised / under way,Operating (opened 2013),Hotel partnership (management; shareholder in the owning company),Luxembourg,Shangri-La shareholder entity registered in Luxembourg,"Shangri-La agreed with Tanrıverdi Holding in 2010 on a hotel in the former tobacco warehouse in Beşiktaş, reported as a 250m USD project; it opened in May 2013 with 186 rooms. Press reports describe Shangri-La as the operator, while the trade registry lists it as a shareholder of the owning company through Luxembourg.",250m USD (project),,2010-04-10,2013-05-11,,0,0,0,0
TOGG-FARASIS-BATTERY,Siro battery JV (Togg–Farasis),Farasis Energy,Mainland China,Automotive & batteries,EV batteries,Bursa,Realised / under way,JV established (2021),"JV (cells, modules)",,,"Togg chose Farasis in 2020; their JV Siro will make battery cells and modules in Gemlik (15 GWh), with project-based state aid from 2021.","30,000m TRY (state-aid package for Siro)",15 GWh,2020-10-20,2023-04-24,2020-10-20,5,3,0,0
TECNO-PENDIK-PHONES,TECNO smartphone plant (Pendik),TECNO Mobile (Transsion),Mainland China,"Electronics, telecom & IT",Smartphones,İstanbul,Realised / under way,Production started (2021),Production plant,,,"TECNO invested 25–35m USD in a Pendik plant and began production in 2021, targeting about 1,000 jobs.",35m USD,~1000 (target),2021-01-19,2021-05-21,2021-01-19,3,0,0,0
TISCO-KOP-KROM,TISCO chrome mines and Kop Krom concentrator,TISCO (Taiyuan Iron & Steel); Shanxi Jinzhong Wanbang; with CVK Group,Mainland China,Mining,Mining – chrome,Erzincan,Realised / under way,Operating (concentrator completed August 2010),Investment in mining companies + concentration plant,,,"State-owned stainless steel maker TISCO was reported in 2009 to have invested about 300m USD in three Turkish mining companies with 15 chrome licences. With Jinzhong Wanbang and CVK Group it built the Kop Krom ore concentration plant on Kop mountain, ready for trial production at the end of August 2010 (planned output 150,000 t, 508 jobs).",≈300m USD (reported),,2009-10-28,2010-09-16,,0,0,0,0
TPLINK-TURKEY,TP-Link Turkey office and production plan,TP-Link,Mainland China,"Electronics, telecom & IT",Electronics – networking,İstanbul,Realised / under way,Office operating since 2010; production plan not confirmed,Sales subsidiary; production facility (plan),Singapore,TP-Link Technologies (SG); direct from China at founding,"TP-Link opened its Turkey office in Istanbul at the end of 2010 and moved to a 1,200 m² office with 40 staff by 2013. In December 2020 its deputy country manager announced a plan to open a production facility in Turkey by 2022; no report of its realisation was found.",,,2013-11-11,2020-12-21,,0,0,0,0
BALIKESIR-TEXONG-YARN,Texhong yarn plant in Balıkesir OSB,Texhong,Mainland China,"Consumer, retail & media",Textiles,Balıkesir,Realised / under way,Land allocated,Greenfield plant,Singapore,Texhong Singapore Investment Holdings,A Chinese yarn maker (Texhong) planned a 70–150m USD plant; Balıkesir OSB allocated land in 2013.,150m USD,500 (later 1000),2012-10-08,2014-01-13,2012-10-08,3,0,0,0
XIAOMI-SALCOMP-AVCILAR,Xiaomi–Salcomp smartphone plant (Avcılar),Xiaomi; Salcomp (Luxshare),Mainland China,"Electronics, telecom & IT",Smartphones,İstanbul,Realised / under way,Opened (2021),Production plant (with contract manufacturer),Singapore,Xiaomi Singapore; Salcomp Holdings (Singapore),"Xiaomi and Salcomp (owned by China's Luxshare) opened a 30m USD plant in Avcılar in March 2021 (5m phones/yr, 2,000 jobs).",30m USD,2000,2020-12-18,2021-10-02,2020-12-18,5,2,1,0
XINJIANG-ALKUT-KIZILCAHAMAM,Xinjiang Alkut health-tourism investment (Kızılcahamam),Xinjiang Alkut Group,Mainland China,Health,Health tourism,Ankara,Realised / under way,Company established,Greenfield,,,Alkut set up Urumçi Tarım AŞ in Ankara for a >100m USD thermal health and herbal medicine investment (2015).,100m USD,,2015-06-16,2015-06-16,2015-06-16,1,0,0,0
YIZUMI-SILIVRI-TECH-CENTRE,Yizumi technology centre (Silivri),Yizumi,Mainland China,Machinery & industry,Manufacturing machinery,İstanbul,Realised / under way,Opened (2025),Technology and service centre,,,"Injection moulding machine maker Yizumi opened a technology centre in Silivri in May 2025, its first investment in Turkey, with demonstration machines, training, a local engineering team and a spare parts depot.",,,2025-05-27,2025-05-27,,0,0,0,0
ZTE-NETAS,ZTE acquisition of Netaş,ZTE,Mainland China,"Electronics, telecom & IT",Telecom equipment,İstanbul,Realised / under way,Completed (2017),Acquisition (48%),Netherlands,ZTE Coöperatief (Netherlands),"ZTE bought 48.04% of Netaş from OEP for 101.3m USD (signed Dec 2016, closed Jul 2017), then announced new investments and local production.",101.3m USD (48.04%),800 R&D staff (Netaş),2014-11-17,2022-03-01,2016-12-06,7,1,3,0
ZTT-TURKEY,ZTT cable plants and Demirer Kablo acquisition,ZTT Group,Mainland China,Machinery & industry,Cables,Bilecik,Realised / under way,Completed (2018),Acquisition + expansion,,,ZTT announced 110m USD of cable investments (2018) and bought Demirer Kablo in Bilecik for 66.7m USD.,110m USD,300,2018-03-03,2019-03-20,2018-03-03,2,1,0,0
ZOOMLION-CIFA-TURKEY,Zoomlion sales and service subsidiary,Zoomlion,Mainland China,Machinery & industry,Construction machinery,İstanbul,Realised / under way,Operating,Sales and service subsidiary,Luxembourg,Zoomlion Luxembourg Investments,"Zoomlion, previously sold in Turkey through a distributor, set up its own Istanbul subsidiary in 2018 and has built a network of branches and parts depots; no Turkish factory is reported.",,,2014-04-17,2026-06-18,,0,0,1,0
VIVO-GEBZE-PLANT,vivo smartphone plant (Gebze),vivo,Mainland China,"Electronics, telecom & IT",Smartphones,Kocaeli,Realised / under way,Production started (2021),Production plant,,,vivo began production at a 20m USD plant in Gebze Güzeller OSB in August 2021 (up to 5m phones/yr).,20m USD,>2000 (3 yrs),2020-08-20,2021-08-10,2020-08-20,2,0,0,0
SIRNAK-SILOPI-COAL-PLANT,Şırnak coal plant – Chinese builder with 10% stake,CMEC (EPC) / unnamed Chinese builder,Mainland China,Energy,Energy – coal,Şırnak,Realised / under way,Equity stake granted (reported),EPC + 10% equity,,,Galata Enerji signed a 355m USD EPC contract with CMEC (2010); in 2012 it said the Chinese builder had been given a 10% partnership.,355m USD EPC contract; 10% equity,1000 construction; 2400 operation,2010-01-08,2012-11-23,2012-11-23,1,0,0,1
DENIZBANK-CN-BANK-RUMOR,Chinese bank interest in DenizBank (rumour),Unnamed Chinese bank,Mainland China,Banking & finance,Banking,—,Rumour / reported talks,Rumour,Acquisition,,,Bloomberg reported a Chinese bank was interested in DenizBank (2018); Emirates NBD bought it.,,,2018-01-30,2018-01-31,2018-01-30,1,2,0,0
CN-PASTA-ACQUISITION-2017,Chinese firms seeking Turkish pasta makers,Unnamed Chinese firms,Mainland China,"Consumer, retail & media",Food,—,Rumour / reported talks,Talks reported,Acquisition,,,Chinese firms were reported to be in talks to buy Turkish pasta makers (2017).,,,2017-03-14,2017-03-14,2017-03-14,2,0,0,0
TURK-TELEKOM-CN-RUMOR,Chinese interest in Türk Telekom 55% (rumour),Tatwah / unnamed Chinese firm,Mainland China,"Electronics, telecom & IT",Telecom,—,Rumour / reported talks,Rumour / talks reported,Stake purchase,,,Reports in 2018 said a Chinese company (Tatwah) was in talks for the 55% Türk Telekom stake held by lenders.,,,2018-02-09,2018-09-27,2018-02-09,2,2,0,0
CN-ENERGY-ASSET-SALE-2015,Energy group in talks with Chinese buyers (2015),Unnamed Chinese investors,Mainland China,Energy,Energy,—,Rumour / reported talks,Talks reported,Acquisition,,,A 2015 article said a large Turkish energy group was negotiating to sell its power companies to Chinese investors.,,,2015-12-23,2015-12-23,2015-12-23,1,0,0,0
ENERJISA-CN-STAKE-RUMOR,Enerjisa stake sale to Chinese (rumour),Unnamed Chinese investors,Mainland China,Energy,Energy utilities,—,Rumour / reported talks,Rumour denied,Stake purchase,,,Sabancı said in 2016 there was no decision on reported Enerjisa share sales to Chinese investors.,,,2016-01-19,2016-01-19,2016-01-19,1,0,0,0
ICBC-HSBC-TURKEY-BRANCHES,ICBC plan to take over HSBC Turkey branches,ICBC,Mainland China,Banking & finance,Banking,—,Rumour / reported talks,Press report – not realised,Branch acquisition,,,A 2015 press report said ICBC planned to take over 277 HSBC Turkey branches.,,,2015-05-28,2015-05-28,2015-05-28,1,0,0,0
